stage,method,target_mode,seed,beta,H,omega_out,omega_in,s,gamma,N,n_steps,fr_every,target_ema_rate,score_clip,max_event_fraction,ess_window_steps,final_l2_f,final_l2_fp,int_l2_f,final_ess,n_die,n_clone,repl_fraction,n_fr_apply,cond_abserr_mean,cond_abserr_max
stage0_reproduce,abf,none,0,8.0,2.5,1.0,25.0,0.25,15.0,256,40000,10,0.005,3.0,0.08,4000,0.21098452433692522,1.8404553625426316,10.454069462125599,256.0,0.0,0.0,0.0,0.0,0.004455263993275688,0.016052666658247436
stage0_reproduce,abf,none,1,8.0,2.5,1.0,25.0,0.25,15.0,256,40000,10,0.005,3.0,0.08,4000,0.20774192376916226,1.8270178285319014,10.666543308835625,256.0,0.0,0.0,0.0,0.0,0.01707642409403331,0.061083215116594466
stage0_reproduce,abf,none,2,8.0,2.5,1.0,25.0,0.25,15.0,256,40000,10,0.005,3.0,0.08,4000,0.2098197262630626,1.8169434887011469,11.123992596632444,256.0,0.0,0.0,0.0,0.0,0.017772104471076154,0.05823293712391796
stage0_reproduce,abf,none,3,8.0,2.5,1.0,25.0,0.25,15.0,256,40000,10,0.005,3.0,0.08,4000,0.21387702875026976,1.8665620460533732,11.638552103297553,256.0,0.0,0.0,0.0,0.0,0.018928592740345477,0.07802626155216097
stage0_reproduce,abf,none,4,8.0,2.5,1.0,25.0,0.25,15.0,256,40000,10,0.005,3.0,0.08,4000,0.18474869456004442,1.7033235936572557,9.175158414032717,256.0,0.0,0.0,0.0,0.0,0.0038548365317734013,0.011466185726182757
stage0_reproduce,fr_estimated,estimated,0,8.0,2.5,1.0,25.0,0.25,15.0,256,40000,10,0.005,3.0,0.08,4000,0.10602896776019097,1.206613347226788,6.812111350151623,24.0,11961.0,5777.0,0.017322265625,4000.0,0.02336844638203843,0.09671252775064278
stage0_reproduce,fr_estimated,estimated,1,8.0,2.5,1.0,25.0,0.25,15.0,256,40000,10,0.005,3.0,0.08,4000,0.09057417942501687,1.0888655075140967,5.997323837115651,22.0,12069.0,5928.0,0.0175751953125,4000.0,0.01959950791606654,0.064832646256613
stage0_reproduce,fr_estimated,estimated,2,8.0,2.5,1.0,25.0,0.25,15.0,256,40000,10,0.005,3.0,0.08,4000,0.09792983134223018,1.0667589567403037,6.381808415395596,26.0,12456.0,5780.0,0.01780859375,4000.0,0.02958784123502901,0.13260980332194072
stage0_reproduce,fr_estimated,estimated,3,8.0,2.5,1.0,25.0,0.25,15.0,256,40000,10,0.005,3.0,0.08,4000,0.09535169939985151,1.0909627970849958,6.163445353918766,18.0,12120.0,5822.0,0.017521484375,4000.0,0.05220924818641763,0.2006634390973982
stage0_reproduce,fr_estimated,estimated,4,8.0,2.5,1.0,25.0,0.25,15.0,256,40000,10,0.005,3.0,0.08,4000,0.09420586463476778,1.1110957032452535,6.288365213962784,24.0,11847.0,5751.0,0.017185546875,4000.0,0.02104904781953712,0.07401633902377905
stage0_reproduce,fr_oracle,oracle,0,8.0,2.5,1.0,25.0,0.25,15.0,256,40000,10,0.005,3.0,0.08,4000,0.2687836878321821,2.227522647221389,11.837916076860845,26.0,4709.0,9134.0,0.0135185546875,4000.0,0.014545359555933316,0.034661583697906936
stage0_reproduce,fr_oracle,oracle,1,8.0,2.5,1.0,25.0,0.25,15.0,256,40000,10,0.005,3.0,0.08,4000,0.2644695308923376,2.213971171576328,11.776111209993704,29.0,4615.0,9225.0,0.013515625,4000.0,0.011191141651565841,0.03223275623355981
stage0_reproduce,fr_oracle,oracle,2,8.0,2.5,1.0,25.0,0.25,15.0,256,40000,10,0.005,3.0,0.08,4000,0.2734531923675044,2.244257485858275,12.225045179130177,25.0,4596.0,9341.0,0.013610351562500001,4000.0,0.0039414364769286446,0.01583228064600513
stage0_reproduce,fr_oracle,oracle,3,8.0,2.5,1.0,25.0,0.25,15.0,256,40000,10,0.005,3.0,0.08,4000,0.26180117202713277,2.208924110389493,11.43667065190397,23.0,4673.0,9714.0,0.0140498046875,4000.0,0.012110177401820455,0.03166514476252186
stage0_reproduce,fr_oracle,oracle,4,8.0,2.5,1.0,25.0,0.25,15.0,256,40000,10,0.005,3.0,0.08,4000,0.27679592798810754,2.247703183890854,12.448727013805442,25.0,4772.0,8983.0,0.0134326171875,4000.0,0.00564912104650335,0.022396076804104423
stage0_reproduce,fr_uniform,uniform,0,8.0,2.5,1.0,25.0,0.25,15.0,256,40000,10,0.005,3.0,0.08,4000,0.1037823071431004,1.208830726447509,6.572277252088291,22.0,11794.0,5904.0,0.017283203125,4000.0,0.015698819130061152,0.050199485661766075
stage0_reproduce,fr_uniform,uniform,1,8.0,2.5,1.0,25.0,0.25,15.0,256,40000,10,0.005,3.0,0.08,4000,0.10387874125617488,1.0944330545804335,6.4656023065875825,18.0,11652.0,5362.0,0.016615234375,4000.0,0.02061391684839086,0.04710071047999509
stage0_reproduce,fr_uniform,uniform,2,8.0,2.5,1.0,25.0,0.25,15.0,256,40000,10,0.005,3.0,0.08,4000,0.10248838472050846,1.1949119024314243,6.476716512329823,27.0,11859.0,5709.0,0.01715625,4000.0,0.026780434774556362,0.11358395172388762
stage0_reproduce,fr_uniform,uniform,3,8.0,2.5,1.0,25.0,0.25,15.0,256,40000,10,0.005,3.0,0.08,4000,0.09572813016317962,1.1039573976841912,5.963701945722797,20.0,11730.0,5667.0,0.016989257812500002,4000.0,0.01941299282490557,0.07306838403830368
stage0_reproduce,fr_uniform,uniform,4,8.0,2.5,1.0,25.0,0.25,15.0,256,40000,10,0.005,3.0,0.08,4000,0.10820702169706875,1.2160263982683366,6.393162571046506,23.0,11928.0,5753.0,0.0172666015625,4000.0,0.04787528962880937,0.13504421993537125
stage1_seeds,abf,none,0,8.0,2.5,1.0,25.0,0.25,15.0,256,40000,10,0.005,3.0,0.08,4000,0.21335700362235466,1.8661655225192386,10.502223367479171,256.0,0.0,0.0,0.0,0.0,0.01346024679952853,0.0495931626234732
stage1_seeds,abf,none,1,8.0,2.5,1.0,25.0,0.25,15.0,256,40000,10,0.005,3.0,0.08,4000,0.2131760724991455,1.8213227975508666,10.826753168945723,256.0,0.0,0.0,0.0,0.0,0.021192778437226893,0.05494328316491347
stage1_seeds,abf,none,10,8.0,2.5,1.0,25.0,0.25,15.0,256,40000,10,0.005,3.0,0.08,4000,0.174855965151581,1.6660258603094533,8.74019243815157,256.0,0.0,0.0,0.0,0.0,0.008053405289274543,0.03231219412328734
stage1_seeds,abf,none,11,8.0,2.5,1.0,25.0,0.25,15.0,256,40000,10,0.005,3.0,0.08,4000,0.20590353174186604,1.825211779721163,11.337516089106808,256.0,0.0,0.0,0.0,0.0,0.0062503545947125245,0.013370934315008035
stage1_seeds,abf,none,12,8.0,2.5,1.0,25.0,0.25,15.0,256,40000,10,0.005,3.0,0.08,4000,0.18844815907895135,1.7154616532986044,10.451397235287587,256.0,0.0,0.0,0.0,0.0,0.012908798798516526,0.05364145523059688
stage1_seeds,abf,none,13,8.0,2.5,1.0,25.0,0.25,15.0,256,40000,10,0.005,3.0,0.08,4000,0.20791786303726867,1.8036230322805555,10.048819405003536,256.0,0.0,0.0,0.0,0.0,0.010281511823006764,0.029866287959574883
stage1_seeds,abf,none,14,8.0,2.5,1.0,25.0,0.25,15.0,256,40000,10,0.005,3.0,0.08,4000,0.1981738283703872,1.7622782174075935,10.732582219494173,256.0,0.0,0.0,0.0,0.0,0.025614523504733606,0.10900209755506779
stage1_seeds,abf,none,15,8.0,2.5,1.0,25.0,0.25,15.0,256,40000,10,0.005,3.0,0.08,4000,0.20464392511314675,1.8254192771198452,10.073961661811136,256.0,0.0,0.0,0.0,0.0,0.017145379296603334,0.04331812449684534
stage1_seeds,abf,none,16,8.0,2.5,1.0,25.0,0.25,15.0,256,40000,10,0.005,3.0,0.08,4000,0.18823359475278678,1.739640668550809,9.111118029426304,256.0,0.0,0.0,0.0,0.0,0.009699925106700197,0.02837838940610911
stage1_seeds,abf,none,17,8.0,2.5,1.0,25.0,0.25,15.0,256,40000,10,0.005,3.0,0.08,4000,0.19879262152565974,1.7765228666380553,9.954920735471354,256.0,0.0,0.0,0.0,0.0,0.013076858497688835,0.042820200273790535
stage1_seeds,abf,none,18,8.0,2.5,1.0,25.0,0.25,15.0,256,40000,10,0.005,3.0,0.08,4000,0.18531163290093092,1.7226254332065294,9.392034998288091,256.0,0.0,0.0,0.0,0.0,0.011708046060403769,0.043117949334979214
stage1_seeds,abf,none,19,8.0,2.5,1.0,25.0,0.25,15.0,256,40000,10,0.005,3.0,0.08,4000,0.20822514871342257,1.8191252520919508,10.838477301769315,256.0,0.0,0.0,0.0,0.0,0.02248506806377256,0.09349007198832797
stage1_seeds,abf,none,2,8.0,2.5,1.0,25.0,0.25,15.0,256,40000,10,0.005,3.0,0.08,4000,0.17762415275527954,1.6618478276809243,8.71893165334642,256.0,0.0,0.0,0.0,0.0,0.01590177445825966,0.046127229285243196
stage1_seeds,abf,none,3,8.0,2.5,1.0,25.0,0.25,15.0,256,40000,10,0.005,3.0,0.08,4000,0.16413058481955198,1.563855291743876,9.340939907251759,256.0,0.0,0.0,0.0,0.0,0.016032984831572623,0.05687515509016619
stage1_seeds,abf,none,4,8.0,2.5,1.0,25.0,0.25,15.0,256,40000,10,0.005,3.0,0.08,4000,0.2120183748870205,1.8206955973087149,10.710292324708409,256.0,0.0,0.0,0.0,0.0,0.031889492551287965,0.1507692478503707
stage1_seeds,abf,none,5,8.0,2.5,1.0,25.0,0.25,15.0,256,40000,10,0.005,3.0,0.08,4000,0.21514229743507426,1.8964617158447157,10.520045323296358,256.0,0.0,0.0,0.0,0.0,0.011482830078942899,0.051273178174907036
stage1_seeds,abf,none,6,8.0,2.5,1.0,25.0,0.25,15.0,256,40000,10,0.005,3.0,0.08,4000,0.1943731892202666,1.7645807041902783,9.927544867795579,256.0,0.0,0.0,0.0,0.0,0.020706631079188458,0.06019065220975155
stage1_seeds,abf,none,7,8.0,2.5,1.0,25.0,0.25,15.0,256,40000,10,0.005,3.0,0.08,4000,0.20329968219753317,1.7955798838451358,10.374442038318831,256.0,0.0,0.0,0.0,0.0,0.020268620867364206,0.075908433990907
stage1_seeds,abf,none,8,8.0,2.5,1.0,25.0,0.25,15.0,256,40000,10,0.005,3.0,0.08,4000,0.17942025093641983,1.689803617491312,8.870870898579076,256.0,0.0,0.0,0.0,0.0,0.015148194543349525,0.040704122346789495
stage1_seeds,abf,none,9,8.0,2.5,1.0,25.0,0.25,15.0,256,40000,10,0.005,3.0,0.08,4000,0.20907818652399418,1.813883852709875,11.021116425432176,256.0,0.0,0.0,0.0,0.0,0.023188510705096164,0.10589209287175184
stage1_seeds,fr_estimated,estimated,0,8.0,2.5,1.0,25.0,0.25,15.0,256,40000,10,0.005,3.0,0.08,4000,0.1001300266379549,1.1804118744677112,6.335631693539544,22.0,11931.0,5763.0,0.017279296875,4000.0,0.014831701271062408,0.05454769244201353
stage1_seeds,fr_estimated,estimated,1,8.0,2.5,1.0,25.0,0.25,15.0,256,40000,10,0.005,3.0,0.08,4000,0.08941603195907033,1.0976723091172165,6.007376558193064,23.0,12121.0,5829.0,0.017529296875,4000.0,0.012650695946031137,0.055199615888421996
stage1_seeds,fr_estimated,estimated,10,8.0,2.5,1.0,25.0,0.25,15.0,256,40000,10,0.005,3.0,0.08,4000,0.09628926116353881,1.1429993847810629,6.335830093294216,14.0,11984.0,5780.0,0.01734765625,4000.0,0.005869522130838374,0.026568006005899175
stage1_seeds,fr_estimated,estimated,11,8.0,2.5,1.0,25.0,0.25,15.0,256,40000,10,0.005,3.0,0.08,4000,0.10364995298740698,1.1947116277552348,6.531740837945912,14.0,12165.0,5788.0,0.0175322265625,4000.0,0.0377231821672711,0.18042444975580485
stage1_seeds,fr_estimated,estimated,12,8.0,2.5,1.0,25.0,0.25,15.0,256,40000,10,0.005,3.0,0.08,4000,0.10053548122932636,1.1591994259743008,6.583056820380913,16.0,12085.0,5611.0,0.01728125,4000.0,0.014183498932336678,0.06337817442478044
stage1_seeds,fr_estimated,estimated,13,8.0,2.5,1.0,25.0,0.25,15.0,256,40000,10,0.005,3.0,0.08,4000,0.09615881579717618,1.0761750878463352,5.946523470272824,26.0,11924.0,5467.0,0.016983398437500002,4000.0,0.02836379837257061,0.1051199338388884
stage1_seeds,fr_estimated,estimated,14,8.0,2.5,1.0,25.0,0.25,15.0,256,40000,10,0.005,3.0,0.08,4000,0.10093390684597536,1.1733056519752736,6.229416044539274,21.0,11896.0,5639.0,0.0171240234375,4000.0,0.013797168326660059,0.05021797922092812
stage1_seeds,fr_estimated,estimated,15,8.0,2.5,1.0,25.0,0.25,15.0,256,40000,10,0.005,3.0,0.08,4000,0.10076386573164321,1.2015299288820929,6.253205341336141,18.0,11856.0,5582.0,0.017029296875,4000.0,0.03577755238097955,0.15637002283174067
stage1_seeds,fr_estimated,estimated,16,8.0,2.5,1.0,25.0,0.25,15.0,256,40000,10,0.005,3.0,0.08,4000,0.09294453054155472,1.1361985852043683,5.888482443286234,17.0,12003.0,5775.0,0.017361328125,4000.0,0.019914715021619935,0.050133754563203445
stage1_seeds,fr_estimated,estimated,17,8.0,2.5,1.0,25.0,0.25,15.0,256,40000,10,0.005,3.0,0.08,4000,0.09918414512015739,1.0981219178609645,6.241202583226488,21.0,12278.0,5498.0,0.017359375,4000.0,0.030909778674665996,0.08522729474952079
stage1_seeds,fr_estimated,estimated,18,8.0,2.5,1.0,25.0,0.25,15.0,256,40000,10,0.005,3.0,0.08,4000,0.10211071922046537,1.2000983617377847,6.570321923633651,19.0,11828.0,5775.0,0.0171904296875,4000.0,0.0014030985009089354,0.0027991827974571254
stage1_seeds,fr_estimated,estimated,19,8.0,2.5,1.0,25.0,0.25,15.0,256,40000,10,0.005,3.0,0.08,4000,0.1062419182021485,1.218057317232462,6.5690179838222615,15.0,12135.0,5732.0,0.0174482421875,4000.0,0.01748106318918713,0.07777859160378035
stage1_seeds,fr_estimated,estimated,2,8.0,2.5,1.0,25.0,0.25,15.0,256,40000,10,0.005,3.0,0.08,4000,0.11159230896198197,1.2546699406118367,6.880344250513219,22.0,12000.0,5535.0,0.0171240234375,4000.0,0.02857183157051659,0.13138877166324897
stage1_seeds,fr_estimated,estimated,3,8.0,2.5,1.0,25.0,0.25,15.0,256,40000,10,0.005,3.0,0.08,4000,0.10209345962188049,1.1997294111135364,6.68768438424096,17.0,12044.0,5826.0,0.017451171875,4000.0,0.023691182423059235,0.09743359717116204
stage1_seeds,fr_estimated,estimated,4,8.0,2.5,1.0,25.0,0.25,15.0,256,40000,10,0.005,3.0,0.08,4000,0.09450100360664627,1.066748561408561,6.094077546912113,19.0,12417.0,5590.0,0.0175849609375,4000.0,0.024892823120077397,0.08911316565859871
stage1_seeds,fr_estimated,estimated,5,8.0,2.5,1.0,25.0,0.25,15.0,256,40000,10,0.005,3.0,0.08,4000,0.09532848995852944,1.0877385405794986,6.17513611362421,26.0,11981.0,5642.0,0.0172099609375,4000.0,0.0023834428388554655,0.007255063924869465
stage1_seeds,fr_estimated,estimated,6,8.0,2.5,1.0,25.0,0.25,15.0,256,40000,10,0.005,3.0,0.08,4000,0.09512226116422634,1.0789721640293877,6.036028790185638,18.0,11831.0,5596.0,0.0170185546875,4000.0,0.022770411854026333,0.09650144328108302
stage1_seeds,fr_estimated,estimated,7,8.0,2.5,1.0,25.0,0.25,15.0,256,40000,10,0.005,3.0,0.08,4000,0.0967728824091007,1.1737346263689266,6.059836709857915,17.0,12016.0,5695.0,0.017295898437500002,4000.0,0.02141678869466339,0.09705467799654857
stage1_seeds,fr_estimated,estimated,8,8.0,2.5,1.0,25.0,0.25,15.0,256,40000,10,0.005,3.0,0.08,4000,0.08656397467977081,1.0441860517803934,5.678399838279792,23.0,12132.0,5745.0,0.0174580078125,4000.0,0.019332484782754043,0.0540433379452014
stage1_seeds,fr_estimated,estimated,9,8.0,2.5,1.0,25.0,0.25,15.0,256,40000,10,0.005,3.0,0.08,4000,0.0927025532345966,1.1175405991669072,5.821273569955882,17.0,11945.0,5816.0,0.0173447265625,4000.0,0.03032026203929048,0.08412739436735492
stage2_omega,abf,none,0,8.0,2.5,1.0,10.0,0.25,15.0,256,100000,10,0.005,3.0,0.08,4000,0.1953448409408198,1.7823851196244627,9.63976754340499,256.0,0.0,0.0,0.0,0.0,0.009209805999091028,0.022583456926980355
stage2_omega,abf,none,1,8.0,2.5,1.0,10.0,0.25,15.0,256,100000,10,0.005,3.0,0.08,4000,0.21249743338659358,1.8433709369094788,10.422121450061844,256.0,0.0,0.0,0.0,0.0,0.02136411504723245,0.05407403721330238
stage2_omega,abf,none,2,8.0,2.5,1.0,10.0,0.25,15.0,256,100000,10,0.005,3.0,0.08,4000,0.21266269938910595,1.8391119577420603,11.058595739519935,256.0,0.0,0.0,0.0,0.0,0.016596472620025796,0.022962094731864363
stage2_omega,abf,none,3,8.0,2.5,1.0,10.0,0.25,15.0,256,100000,10,0.005,3.0,0.08,4000,0.18732325382010245,1.7553926265231385,9.093748058872336,256.0,0.0,0.0,0.0,0.0,0.03005212699839015,0.09449159708676147
stage2_omega,abf,none,4,8.0,2.5,1.0,10.0,0.25,15.0,256,100000,10,0.005,3.0,0.08,4000,0.17838072690124895,1.6619199002194642,9.06733016722007,256.0,0.0,0.0,0.0,0.0,0.023485462213518965,0.06058873960659385
stage2_omega,abf,none,5,8.0,2.5,1.0,10.0,0.25,15.0,256,100000,10,0.005,3.0,0.08,4000,0.2147471071176937,1.866599526438243,10.26114182156281,256.0,0.0,0.0,0.0,0.0,0.01872888746011208,0.04888649645748107
stage2_omega,abf,none,6,8.0,2.5,1.0,10.0,0.25,15.0,256,100000,10,0.005,3.0,0.08,4000,0.20322517075220178,1.7988187261025947,10.688654687045961,256.0,0.0,0.0,0.0,0.0,0.014463009596230841,0.054567032576429086
stage2_omega,abf,none,7,8.0,2.5,1.0,10.0,0.25,15.0,256,100000,10,0.005,3.0,0.08,4000,0.20170398239202528,1.8338491608255756,10.669270197368979,256.0,0.0,0.0,0.0,0.0,0.011098759708662297,0.03391919700766208
stage2_omega,abf,none,8,8.0,2.5,1.0,10.0,0.25,15.0,256,100000,10,0.005,3.0,0.08,4000,0.1887472479122062,1.7524613020363113,9.427552287636653,256.0,0.0,0.0,0.0,0.0,0.011877207834040115,0.030211451505908787
stage2_omega,abf,none,9,8.0,2.5,1.0,10.0,0.25,15.0,256,100000,10,0.005,3.0,0.08,4000,0.2252449525536568,1.8848902990744745,11.942336097994772,256.0,0.0,0.0,0.0,0.0,0.018020780371897034,0.03503691729106989
stage2_omega,abf,none,0,8.0,2.5,1.0,1.0,0.25,15.0,256,100000,10,0.005,3.0,0.08,4000,0.21737489440108493,1.906120177393138,11.50886649068995,256.0,0.0,0.0,0.0,0.0,0.04983126878174599,0.09593648424516513
stage2_omega,abf,none,1,8.0,2.5,1.0,1.0,0.25,15.0,256,100000,10,0.005,3.0,0.08,4000,0.1816131804414115,1.693789154546004,9.14185883007117,256.0,0.0,0.0,0.0,0.0,0.03679115138810466,0.0847433184380233
stage2_omega,abf,none,2,8.0,2.5,1.0,1.0,0.25,15.0,256,100000,10,0.005,3.0,0.08,4000,0.20810419132093294,1.801806064111288,11.177089468143528,256.0,0.0,0.0,0.0,0.0,0.07124246253806467,0.16140257109436112
stage2_omega,abf,none,3,8.0,2.5,1.0,1.0,0.25,15.0,256,100000,10,0.005,3.0,0.08,4000,0.22067437037615156,1.8707670798722593,11.543922851408949,256.0,0.0,0.0,0.0,0.0,0.04182516223162767,0.10964570946270837
stage2_omega,abf,none,4,8.0,2.5,1.0,1.0,0.25,15.0,256,100000,10,0.005,3.0,0.08,4000,0.22873021091292547,1.898272622613976,12.150469648518927,256.0,0.0,0.0,0.0,0.0,0.03150427229525239,0.10710542372176124
stage2_omega,abf,none,5,8.0,2.5,1.0,1.0,0.25,15.0,256,100000,10,0.005,3.0,0.08,4000,0.21320712978817355,1.86907723438262,11.02938085380568,256.0,0.0,0.0,0.0,0.0,0.04650592554797932,0.0939269898467186
stage2_omega,abf,none,6,8.0,2.5,1.0,1.0,0.25,15.0,256,100000,10,0.005,3.0,0.08,4000,0.19309034854619805,1.7632247923224567,9.880745935028209,256.0,0.0,0.0,0.0,0.0,0.057761768347170284,0.0993182358280629
stage2_omega,abf,none,7,8.0,2.5,1.0,1.0,0.25,15.0,256,100000,10,0.005,3.0,0.08,4000,0.1999929014417784,1.8103702855359785,10.190023976110481,256.0,0.0,0.0,0.0,0.0,0.03823836428762407,0.07535930067731189
stage2_omega,abf,none,8,8.0,2.5,1.0,1.0,0.25,15.0,256,100000,10,0.005,3.0,0.08,4000,0.21384164754881477,1.8782411963980183,11.069197320198002,256.0,0.0,0.0,0.0,0.0,0.07385306552334944,0.1542132245323639
stage2_omega,abf,none,9,8.0,2.5,1.0,1.0,0.25,15.0,256,100000,10,0.005,3.0,0.08,4000,0.18203937031586948,1.718601173550543,9.374145725697137,256.0,0.0,0.0,0.0,0.0,0.028530478017700846,0.045861231731835345
stage2_omega,abf,none,0,8.0,2.5,1.0,25.0,0.25,15.0,256,100000,10,0.005,3.0,0.08,4000,0.21356127687987092,1.8739318157272071,10.738628365304683,256.0,0.0,0.0,0.0,0.0,0.018197618217180068,0.04976889236792632
stage2_omega,abf,none,1,8.0,2.5,1.0,25.0,0.25,15.0,256,100000,10,0.005,3.0,0.08,4000,0.22046684001138778,1.9116717627772943,11.332985719108734,256.0,0.0,0.0,0.0,0.0,0.005347778917415164,0.018599178491434568
stage2_omega,abf,none,2,8.0,2.5,1.0,25.0,0.25,15.0,256,100000,10,0.005,3.0,0.08,4000,0.2111511668324125,1.8633992705449889,10.527046296820636,256.0,0.0,0.0,0.0,0.0,0.012421630152699044,0.04083372886056515
stage2_omega,abf,none,3,8.0,2.5,1.0,25.0,0.25,15.0,256,100000,10,0.005,3.0,0.08,4000,0.21148887401347824,1.861247134792291,10.866755348330209,256.0,0.0,0.0,0.0,0.0,0.018789264561268233,0.0827135044352766
stage2_omega,abf,none,4,8.0,2.5,1.0,25.0,0.25,15.0,256,100000,10,0.005,3.0,0.08,4000,0.21399678391366467,1.8620638041575506,10.732779390537551,256.0,0.0,0.0,0.0,0.0,0.016740836772235847,0.0657610842516747
stage2_omega,abf,none,5,8.0,2.5,1.0,25.0,0.25,15.0,256,100000,10,0.005,3.0,0.08,4000,0.21450747175067345,1.8674273790959144,11.088532600399244,256.0,0.0,0.0,0.0,0.0,0.014523247849838569,0.03824836558182125
stage2_omega,abf,none,6,8.0,2.5,1.0,25.0,0.25,15.0,256,100000,10,0.005,3.0,0.08,4000,0.19296243751079478,1.7695573378395069,9.863893220938792,256.0,0.0,0.0,0.0,0.0,0.02029451706664391,0.09336117712288629
stage2_omega,abf,none,7,8.0,2.5,1.0,25.0,0.25,15.0,256,100000,10,0.005,3.0,0.08,4000,0.18740697051987668,1.7336680798922575,8.997149879078329,256.0,0.0,0.0,0.0,0.0,0.017220569515806677,0.03813698066995212
stage2_omega,abf,none,8,8.0,2.5,1.0,25.0,0.25,15.0,256,100000,10,0.005,3.0,0.08,4000,0.19090067352072942,1.7683494544789293,9.982630319496387,256.0,0.0,0.0,0.0,0.0,0.01138603570467535,0.03343494442327369
stage2_omega,abf,none,9,8.0,2.5,1.0,25.0,0.25,15.0,256,100000,10,0.005,3.0,0.08,4000,0.17685945207366083,1.6654426971298744,8.95731051350681,256.0,0.0,0.0,0.0,0.0,0.0024998743682047705,0.005173569531515099
stage2_omega,abf,none,0,8.0,2.5,1.0,50.0,0.25,15.0,256,100000,10,0.005,3.0,0.08,4000,0.20665932847484358,1.8162118379581227,10.772951372763512,256.0,0.0,0.0,0.0,0.0,0.021744325153716416,0.07143829725744064
stage2_omega,abf,none,1,8.0,2.5,1.0,50.0,0.25,15.0,256,100000,10,0.005,3.0,0.08,4000,0.20667712671678398,1.8354182693840424,10.663054948825923,256.0,0.0,0.0,0.0,0.0,0.009513625821606433,0.039160445705765115
stage2_omega,abf,none,2,8.0,2.5,1.0,50.0,0.25,15.0,256,100000,10,0.005,3.0,0.08,4000,0.20951894677864033,1.7935219239774987,11.462072342834603,256.0,0.0,0.0,0.0,0.0,0.013748984876128911,0.05987373892719722
stage2_omega,abf,none,3,8.0,2.5,1.0,50.0,0.25,15.0,256,100000,10,0.005,3.0,0.08,4000,0.23059019998324692,1.9278031469309094,11.94852938730493,256.0,0.0,0.0,0.0,0.0,0.006211208080009591,0.02573248264663601
stage2_omega,abf,none,4,8.0,2.5,1.0,50.0,0.25,15.0,256,100000,10,0.005,3.0,0.08,4000,0.16875254772176135,1.5976316540721123,8.163544357594226,256.0,0.0,0.0,0.0,0.0,0.01768336575935415,0.0759060159283899
stage2_omega,abf,none,5,8.0,2.5,1.0,50.0,0.25,15.0,256,100000,10,0.005,3.0,0.08,4000,0.20990403712053823,1.8321782853501685,10.400606385051898,256.0,0.0,0.0,0.0,0.0,0.014068776197732186,0.04327638330081268
stage2_omega,abf,none,6,8.0,2.5,1.0,50.0,0.25,15.0,256,100000,10,0.005,3.0,0.08,4000,0.2212259071513609,1.9072162123195477,12.740538915649172,256.0,0.0,0.0,0.0,0.0,0.013945110546916564,0.050061569704198186
stage2_omega,abf,none,7,8.0,2.5,1.0,50.0,0.25,15.0,256,100000,10,0.005,3.0,0.08,4000,0.21825956315189607,1.8998012062704897,11.092080342855773,256.0,0.0,0.0,0.0,0.0,0.007821849875771595,0.03618115277140348
stage2_omega,abf,none,8,8.0,2.5,1.0,50.0,0.25,15.0,256,100000,10,0.005,3.0,0.08,4000,0.21274666628254368,1.8359972363696146,10.848117859464386,256.0,0.0,0.0,0.0,0.0,0.011334391244058304,0.03654527147248714
stage2_omega,abf,none,9,8.0,2.5,1.0,50.0,0.25,15.0,256,100000,10,0.005,3.0,0.08,4000,0.20685404927647394,1.8300972727813183,10.952464525246253,256.0,0.0,0.0,0.0,0.0,0.003791294086581806,0.011469013544368967
stage2_omega,abf,none,0,8.0,2.5,1.0,5.0,0.25,15.0,256,100000,10,0.005,3.0,0.08,4000,0.20303025916807332,1.824024358028864,9.93500818053662,256.0,0.0,0.0,0.0,0.0,0.02722293076424202,0.054689229884913176
stage2_omega,abf,none,1,8.0,2.5,1.0,5.0,0.25,15.0,256,100000,10,0.005,3.0,0.08,4000,0.19762828649924358,1.7902107539684973,10.26318970339827,256.0,0.0,0.0,0.0,0.0,0.010686041107270882,0.018616454664827697
stage2_omega,abf,none,2,8.0,2.5,1.0,5.0,0.25,15.0,256,100000,10,0.005,3.0,0.08,4000,0.19071614694318217,1.7239218981159186,9.348361449288436,256.0,0.0,0.0,0.0,0.0,0.019473580114847587,0.031177551871039492
stage2_omega,abf,none,3,8.0,2.5,1.0,5.0,0.25,15.0,256,100000,10,0.005,3.0,0.08,4000,0.20044215833484638,1.8062862889277518,10.21036675064317,256.0,0.0,0.0,0.0,0.0,0.02504582753443272,0.04373773405818848
stage2_omega,abf,none,4,8.0,2.5,1.0,5.0,0.25,15.0,256,100000,10,0.005,3.0,0.08,4000,0.21948519575436237,1.9129259413058535,12.286179936135412,256.0,0.0,0.0,0.0,0.0,0.036325426732594424,0.0773380012006051
stage2_omega,abf,none,5,8.0,2.5,1.0,5.0,0.25,15.0,256,100000,10,0.005,3.0,0.08,4000,0.18497340880594448,1.7378376214370668,9.382984472004534,256.0,0.0,0.0,0.0,0.0,0.02456320098038343,0.041440648121455016
stage2_omega,abf,none,6,8.0,2.5,1.0,5.0,0.25,15.0,256,100000,10,0.005,3.0,0.08,4000,0.22080746930590003,1.8849614180339176,11.579985869274086,256.0,0.0,0.0,0.0,0.0,0.048133304713488326,0.09673912698320007
stage2_omega,abf,none,7,8.0,2.5,1.0,5.0,0.25,15.0,256,100000,10,0.005,3.0,0.08,4000,0.18555177025210967,1.7498214419323808,9.31204141808239,256.0,0.0,0.0,0.0,0.0,0.008047193414056972,0.02333112479747315
stage2_omega,abf,none,8,8.0,2.5,1.0,5.0,0.25,15.0,256,100000,10,0.005,3.0,0.08,4000,0.22220874438699714,1.903793072012509,12.080684675200615,256.0,0.0,0.0,0.0,0.0,0.0258918521651204,0.07447049348916679
stage2_omega,abf,none,9,8.0,2.5,1.0,5.0,0.25,15.0,256,100000,10,0.005,3.0,0.08,4000,0.2045333343405403,1.830595392704463,10.220722931180806,256.0,0.0,0.0,0.0,0.0,0.014783722992079942,0.027194134253451678
stage2_omega,fr_estimated,estimated,0,8.0,2.5,1.0,10.0,0.25,15.0,256,100000,10,0.005,3.0,0.08,4000,0.10289192335445473,1.1862744785779613,6.440351489976323,34.0,11743.0,5694.0,0.006811328125,10000.0,0.02193538872107164,0.047786991991617234
stage2_omega,fr_estimated,estimated,1,8.0,2.5,1.0,10.0,0.25,15.0,256,100000,10,0.005,3.0,0.08,4000,0.09991337327975819,1.1383549405640878,6.3801619202392486,45.0,12023.0,5913.0,0.00700625,10000.0,0.035703433036179226,0.12783557361931872
stage2_omega,fr_estimated,estimated,2,8.0,2.5,1.0,10.0,0.25,15.0,256,100000,10,0.005,3.0,0.08,4000,0.09902578765472553,1.1525225733854028,6.496715165018988,44.0,12194.0,5863.0,0.007053515625,10000.0,0.026567373343984346,0.10908922947218502
stage2_omega,fr_estimated,estimated,3,8.0,2.5,1.0,10.0,0.25,15.0,256,100000,10,0.005,3.0,0.08,4000,0.10733061094175103,1.2470156502652152,6.519817415270442,41.0,11905.0,5633.0,0.00685078125,10000.0,0.009044413250960634,0.020711467166302483
stage2_omega,fr_estimated,estimated,4,8.0,2.5,1.0,10.0,0.25,15.0,256,100000,10,0.005,3.0,0.08,4000,0.10435165679306065,1.2169178139565509,6.630949364806744,47.0,11876.0,5822.0,0.00691328125,10000.0,0.018824668461551078,0.07746108143526519
stage2_omega,fr_estimated,estimated,5,8.0,2.5,1.0,10.0,0.25,15.0,256,100000,10,0.005,3.0,0.08,4000,0.10525134051920444,1.1941203371933546,6.825017061859481,44.0,12214.0,5907.0,0.007078515625,10000.0,0.02628551476322097,0.050893859931492896
stage2_omega,fr_estimated,estimated,6,8.0,2.5,1.0,10.0,0.25,15.0,256,100000,10,0.005,3.0,0.08,4000,0.09887190389859261,1.0298385781797765,5.783113128210383,40.0,11667.0,5552.0,0.006726171875,10000.0,0.02570648592868734,0.06999338520871573
stage2_omega,fr_estimated,estimated,7,8.0,2.5,1.0,10.0,0.25,15.0,256,100000,10,0.005,3.0,0.08,4000,0.09149040932609924,1.1076859075638257,5.879025152233896,48.0,11861.0,5805.0,0.006900781250000001,10000.0,0.04124469126772421,0.10225491676712135
stage2_omega,fr_estimated,estimated,8,8.0,2.5,1.0,10.0,0.25,15.0,256,100000,10,0.005,3.0,0.08,4000,0.10807040458456525,1.2448741515692505,6.548264602834811,44.0,11946.0,5774.0,0.006921875,10000.0,0.03168768529687794,0.08846305246821656
stage2_omega,fr_estimated,estimated,9,8.0,2.5,1.0,10.0,0.25,15.0,256,100000,10,0.005,3.0,0.08,4000,0.09556683958032396,1.1204133915405312,6.08522409944017,41.0,12042.0,5599.0,0.006891015625,10000.0,0.03191441808828259,0.07064965217858811
stage2_omega,fr_estimated,estimated,0,8.0,2.5,1.0,1.0,0.25,15.0,256,100000,10,0.005,3.0,0.08,4000,0.101960514378581,1.1714035588856975,6.255652938517553,34.0,11903.0,5901.0,0.0069546875,10000.0,0.049393480660640865,0.10065867168132298
stage2_omega,fr_estimated,estimated,1,8.0,2.5,1.0,1.0,0.25,15.0,256,100000,10,0.005,3.0,0.08,4000,0.11330836799532014,1.268208323088555,6.9004432721086495,40.0,12096.0,5844.0,0.0070078125,10000.0,0.06044657494571233,0.1258472275659414
stage2_omega,fr_estimated,estimated,2,8.0,2.5,1.0,1.0,0.25,15.0,256,100000,10,0.005,3.0,0.08,4000,0.0999432830713787,1.1455336105705007,6.259907919641846,40.0,11949.0,5747.0,0.0069125,10000.0,0.045473538819255616,0.06883216556426777
stage2_omega,fr_estimated,estimated,3,8.0,2.5,1.0,1.0,0.25,15.0,256,100000,10,0.005,3.0,0.08,4000,0.10626444717450093,1.236024019893209,6.692129019362461,55.0,11996.0,5698.0,0.00691171875,10000.0,0.05966669043207975,0.10993969902809164
stage2_omega,fr_estimated,estimated,4,8.0,2.5,1.0,1.0,0.25,15.0,256,100000,10,0.005,3.0,0.08,4000,0.09941583300894027,1.1024411625371913,6.091229941847828,49.0,12054.0,5525.0,0.006866796875,10000.0,0.052242053269545584,0.11912016624042443
stage2_omega,fr_estimated,estimated,5,8.0,2.5,1.0,1.0,0.25,15.0,256,100000,10,0.005,3.0,0.08,4000,0.0974042862129399,1.1682507739601793,6.037328881181281,33.0,11988.0,5813.0,0.006953515625,10000.0,0.04513798260910495,0.12181196705755648
stage2_omega,fr_estimated,estimated,6,8.0,2.5,1.0,1.0,0.25,15.0,256,100000,10,0.005,3.0,0.08,4000,0.11285413789585635,1.2798416081371762,6.920829575771339,52.0,11821.0,5732.0,0.006856640625,10000.0,0.061705947151640385,0.09339210711516793
stage2_omega,fr_estimated,estimated,7,8.0,2.5,1.0,1.0,0.25,15.0,256,100000,10,0.005,3.0,0.08,4000,0.09136896356092204,1.030546534130339,5.6249319033819125,38.0,11838.0,5608.0,0.006814843750000001,10000.0,0.056098705062413226,0.09793062599857762
stage2_omega,fr_estimated,estimated,8,8.0,2.5,1.0,1.0,0.25,15.0,256,100000,10,0.005,3.0,0.08,4000,0.09280729099859611,1.0979335854283916,6.072013698551352,34.0,12180.0,5995.0,0.0070996093750000005,10000.0,0.026086273243217505,0.07673775947328428
stage2_omega,fr_estimated,estimated,9,8.0,2.5,1.0,1.0,0.25,15.0,256,100000,10,0.005,3.0,0.08,4000,0.10473514001418437,1.1722887415341234,6.500825590309508,47.0,11907.0,5575.0,0.00682890625,10000.0,0.01898926310843605,0.052956156129388296
stage2_omega,fr_estimated,estimated,0,8.0,2.5,1.0,25.0,0.25,15.0,256,100000,10,0.005,3.0,0.08,4000,0.09417390484728536,1.1247910469231177,5.819781441666342,51.0,11847.0,5743.0,0.0068710937500000005,10000.0,0.03584103614399678,0.12297153889578194
stage2_omega,fr_estimated,estimated,1,8.0,2.5,1.0,25.0,0.25,15.0,256,100000,10,0.005,3.0,0.08,4000,0.09583253490529921,1.1076836696382721,6.2709430142803875,49.0,12035.0,5702.0,0.006928515625,10000.0,0.0030680273370632077,0.008016358298301468
stage2_omega,fr_estimated,estimated,2,8.0,2.5,1.0,25.0,0.25,15.0,256,100000,10,0.005,3.0,0.08,4000,0.09876897717839082,1.1708484560953152,6.458740455180254,40.0,11997.0,5669.0,0.006900781250000001,10000.0,0.04103015417989549,0.1018259193185212
stage2_omega,fr_estimated,estimated,3,8.0,2.5,1.0,25.0,0.25,15.0,256,100000,10,0.005,3.0,0.08,4000,0.10233421463263283,1.1561124842764052,6.365012983283482,37.0,12191.0,5636.0,0.006963671875000001,10000.0,0.022465247369330463,0.07974134970797976
stage2_omega,fr_estimated,estimated,4,8.0,2.5,1.0,25.0,0.25,15.0,256,100000,10,0.005,3.0,0.08,4000,0.10377233522409161,1.2051129680508692,6.595480731990431,38.0,11890.0,5809.0,0.006913671875,10000.0,0.00985582158242945,0.03529395405043913
stage2_omega,fr_estimated,estimated,5,8.0,2.5,1.0,25.0,0.25,15.0,256,100000,10,0.005,3.0,0.08,4000,0.1098367355643902,1.2577533533955747,6.9967100512307,37.0,11863.0,5844.0,0.006916796875000001,10000.0,0.018290405662853976,0.05158129431815796
stage2_omega,fr_estimated,estimated,6,8.0,2.5,1.0,25.0,0.25,15.0,256,100000,10,0.005,3.0,0.08,4000,0.09968490429176628,1.1225778516279559,6.139918747416619,42.0,11854.0,5597.0,0.006816796875,10000.0,0.019444136093893262,0.07122835926770389
stage2_omega,fr_estimated,estimated,7,8.0,2.5,1.0,25.0,0.25,15.0,256,100000,10,0.005,3.0,0.08,4000,0.10154275110697634,1.1968497236321958,6.479310274331196,39.0,11828.0,5713.0,0.006851953125,10000.0,0.02070764341585201,0.07820083767819258
stage2_omega,fr_estimated,estimated,8,8.0,2.5,1.0,25.0,0.25,15.0,256,100000,10,0.005,3.0,0.08,4000,0.10719986928205115,1.2115976977081686,6.496402466189368,43.0,11922.0,5668.0,0.0068710937500000005,10000.0,0.02682947286574135,0.06922480481695258
stage2_omega,fr_estimated,estimated,9,8.0,2.5,1.0,25.0,0.25,15.0,256,100000,10,0.005,3.0,0.08,4000,0.10666229763529024,1.2233376579543334,6.993840114110371,31.0,12039.0,5821.0,0.0069765625,10000.0,0.08865318850011708,0.39656804727692185
stage2_omega,fr_estimated,estimated,0,8.0,2.5,1.0,50.0,0.25,15.0,256,100000,10,0.005,3.0,0.08,4000,0.10365088090004718,1.200592625834629,6.0857055517971625,31.0,12034.0,5516.0,0.0068554687500000005,10000.0,0.019470598645340273,0.09681647674061711
stage2_omega,fr_estimated,estimated,1,8.0,2.5,1.0,50.0,0.25,15.0,256,100000,10,0.005,3.0,0.08,4000,0.09275524023066227,1.110185836510163,6.1533902717631435,41.0,11696.0,5831.0,0.006846484375000001,10000.0,0.019573925148838416,0.05904507071468003
stage2_omega,fr_estimated,estimated,2,8.0,2.5,1.0,50.0,0.25,15.0,256,100000,10,0.005,3.0,0.08,4000,0.10036458126284416,1.182336599173669,6.117788151788153,41.0,11959.0,5805.0,0.0069390625,10000.0,0.010861487779135202,0.05131294051631784
stage2_omega,fr_estimated,estimated,3,8.0,2.5,1.0,50.0,0.25,15.0,256,100000,10,0.005,3.0,0.08,4000,0.1005752810576869,1.1892832592951283,6.4717829960586535,43.0,12029.0,5785.0,0.00695859375,10000.0,0.01419263896660044,0.054722723465191164
stage2_omega,fr_estimated,estimated,4,8.0,2.5,1.0,50.0,0.25,15.0,256,100000,10,0.005,3.0,0.08,4000,0.08671504345681667,1.0692918056845695,5.692640680997936,49.0,11822.0,5764.0,0.006869531250000001,10000.0,0.041063852991983396,0.1217466654887958
stage2_omega,fr_estimated,estimated,5,8.0,2.5,1.0,50.0,0.25,15.0,256,100000,10,0.005,3.0,0.08,4000,0.09363362190031302,1.071100920241069,5.820587610844855,38.0,11823.0,5365.0,0.0067140625,10000.0,0.0034429445088394904,0.013614947077642894
stage2_omega,fr_estimated,estimated,6,8.0,2.5,1.0,50.0,0.25,15.0,256,100000,10,0.005,3.0,0.08,4000,0.10388495063290211,1.2130952340473813,6.452941646556726,38.0,11874.0,5688.0,0.00686015625,10000.0,0.02477429306398538,0.10409456416407001
stage2_omega,fr_estimated,estimated,7,8.0,2.5,1.0,50.0,0.25,15.0,256,100000,10,0.005,3.0,0.08,4000,0.10388766000597713,1.2145805155699008,6.328947597630582,48.0,11909.0,5574.0,0.006829296875000001,10000.0,0.009168456873405187,0.03622124813521303
stage2_omega,fr_estimated,estimated,8,8.0,2.5,1.0,50.0,0.25,15.0,256,100000,10,0.005,3.0,0.08,4000,0.09631576515830056,0.9916210597980896,6.334699033384656,53.0,11664.0,5512.0,0.006709375,10000.0,0.03816615521593295,0.10919701033200573
stage2_omega,fr_estimated,estimated,9,8.0,2.5,1.0,50.0,0.25,15.0,256,100000,10,0.005,3.0,0.08,4000,0.09809135452160692,1.1165517053909015,6.125881036603785,37.0,11858.0,5910.0,0.006940625000000001,10000.0,0.018171066928585104,0.05238667034580821
stage2_omega,fr_estimated,estimated,0,8.0,2.5,1.0,5.0,0.25,15.0,256,100000,10,0.005,3.0,0.08,4000,0.09248755916149005,1.102669433020197,6.178470191622497,33.0,12116.0,6053.0,0.007097265625000001,10000.0,0.03518536826228806,0.08878067834443204
stage2_omega,fr_estimated,estimated,1,8.0,2.5,1.0,5.0,0.25,15.0,256,100000,10,0.005,3.0,0.08,4000,0.1064052557447307,1.2206406018285527,6.6725459731404975,34.0,12058.0,5655.0,0.006919140625,10000.0,0.017754028618756572,0.03984844436109611
stage2_omega,fr_estimated,estimated,2,8.0,2.5,1.0,5.0,0.25,15.0,256,100000,10,0.005,3.0,0.08,4000,0.10406483264827472,1.210218071693542,6.3630816508649035,39.0,12069.0,5730.0,0.006952734375,10000.0,0.021492197678103196,0.05332567520537859
stage2_omega,fr_estimated,estimated,3,8.0,2.5,1.0,5.0,0.25,15.0,256,100000,10,0.005,3.0,0.08,4000,0.11009344087231926,1.263160318850809,6.885552655803256,45.0,11778.0,5752.0,0.0068476562500000004,10000.0,0.032517307845036404,0.10786902548817068
stage2_omega,fr_estimated,estimated,4,8.0,2.5,1.0,5.0,0.25,15.0,256,100000,10,0.005,3.0,0.08,4000,0.09071379139483544,1.0777728096230963,5.5386861275957555,45.0,11873.0,5673.0,0.006853906250000001,10000.0,0.024659155007363827,0.06881419021612317
stage2_omega,fr_estimated,estimated,5,8.0,2.5,1.0,5.0,0.25,15.0,256,100000,10,0.005,3.0,0.08,4000,0.10325993022271901,1.2052309928461784,6.447324615223847,42.0,11939.0,5736.0,0.006904296875,10000.0,0.032110316837161715,0.07638443279442672
stage2_omega,fr_estimated,estimated,6,8.0,2.5,1.0,5.0,0.25,15.0,256,100000,10,0.005,3.0,0.08,4000,0.098123256943409,1.1331944159546692,5.855699515598165,36.0,11907.0,5669.0,0.006865625,10000.0,0.03131071157769606,0.08360296132579692
stage2_omega,fr_estimated,estimated,7,8.0,2.5,1.0,5.0,0.25,15.0,256,100000,10,0.005,3.0,0.08,4000,0.10002377301781747,1.1533196593678454,5.941604200208379,34.0,11900.0,5512.0,0.0068015625,10000.0,0.021228612973690504,0.08419609654401156
stage2_omega,fr_estimated,estimated,8,8.0,2.5,1.0,5.0,0.25,15.0,256,100000,10,0.005,3.0,0.08,4000,0.10971673104147527,1.2451228011116084,6.831210020724427,30.0,12042.0,5663.0,0.006916015625000001,10000.0,0.031149667759325837,0.07829313213612837
stage2_omega,fr_estimated,estimated,9,8.0,2.5,1.0,5.0,0.25,15.0,256,100000,10,0.005,3.0,0.08,4000,0.10345019415351621,1.2146360974151629,6.629655035722934,40.0,11986.0,5628.0,0.00688046875,10000.0,0.009533739764091248,0.020990897693060617
stage3_beta,abf,none,0,12.0,2.5,1.0,25.0,0.25,15.0,256,40000,10,0.005,3.0,0.08,4000,0.40369274167704794,2.971643693642191,18.932157803326625,256.0,0.0,0.0,0.0,0.0,0.007714424393472275,0.03098239640459173
stage3_beta,abf,none,1,12.0,2.5,1.0,25.0,0.25,15.0,256,40000,10,0.005,3.0,0.08,4000,0.41592316472638574,2.9980185368361605,21.32991934207971,256.0,0.0,0.0,0.0,0.0,0.014762316256925288,0.0252472242241749
stage3_beta,abf,none,2,12.0,2.5,1.0,25.0,0.25,15.0,256,40000,10,0.005,3.0,0.08,4000,0.41814965279472915,3.0078553775339585,20.07180423534254,256.0,0.0,0.0,0.0,0.0,0.013481190266662058,0.05176066468195119
stage3_beta,abf,none,3,12.0,2.5,1.0,25.0,0.25,15.0,256,40000,10,0.005,3.0,0.08,4000,0.39960399017825166,2.8606086820927192,19.864515749221955,256.0,0.0,0.0,0.0,0.0,0.023297635994584828,0.07892210378716943
stage3_beta,abf,none,4,12.0,2.5,1.0,25.0,0.25,15.0,256,40000,10,0.005,3.0,0.08,4000,0.4058797327516833,2.813345772726142,20.10662872645181,256.0,0.0,0.0,0.0,0.0,0.008461203228778458,0.028254269411816538
stage3_beta,abf,none,5,12.0,2.5,1.0,25.0,0.25,15.0,256,40000,10,0.005,3.0,0.08,4000,0.46878368645463736,3.355109558437454,21.49334114403228,256.0,0.0,0.0,0.0,0.0,0.013614056777905437,0.03243528384046056
stage3_beta,abf,none,6,12.0,2.5,1.0,25.0,0.25,15.0,256,40000,10,0.005,3.0,0.08,4000,0.4152669414248784,3.0230220690911196,20.906759880207844,256.0,0.0,0.0,0.0,0.0,0.014699305263237993,0.035136473898083956
stage3_beta,abf,none,7,12.0,2.5,1.0,25.0,0.25,15.0,256,40000,10,0.005,3.0,0.08,4000,0.4182693001427895,2.99051577000132,18.806994407507844,256.0,0.0,0.0,0.0,0.0,0.007999485470494653,0.027275311369446775
stage3_beta,abf,none,8,12.0,2.5,1.0,25.0,0.25,15.0,256,40000,10,0.005,3.0,0.08,4000,0.4310862255744069,3.0928808010812574,22.681735782675716,256.0,0.0,0.0,0.0,0.0,0.019012164268389607,0.05021414285134944
stage3_beta,abf,none,9,12.0,2.5,1.0,25.0,0.25,15.0,256,40000,10,0.005,3.0,0.08,4000,0.38744520088062917,2.962436972403059,18.33343899425755,256.0,0.0,0.0,0.0,0.0,0.012837361394384166,0.030957946898382556
stage3_beta,abf,none,0,2.0,2.5,1.0,25.0,0.25,15.0,256,40000,10,0.005,3.0,0.08,4000,0.060438452229834384,0.20298103626961475,3.3988726412228703,256.0,0.0,0.0,0.0,0.0,0.09970629094771224,0.32471669227814554
stage3_beta,abf,none,1,2.0,2.5,1.0,25.0,0.25,15.0,256,40000,10,0.005,3.0,0.08,4000,0.05109995874479228,0.1855402367527259,3.7420797046276384,256.0,0.0,0.0,0.0,0.0,0.064103945238943,0.2572579311844338
stage3_beta,abf,none,2,2.0,2.5,1.0,25.0,0.25,15.0,256,40000,10,0.005,3.0,0.08,4000,0.0541878717357106,0.1939954571077212,3.7451597314437506,256.0,0.0,0.0,0.0,0.0,0.12969203231116247,0.45172247686172223
stage3_beta,abf,none,3,2.0,2.5,1.0,25.0,0.25,15.0,256,40000,10,0.005,3.0,0.08,4000,0.05309859233523312,0.1814587691840395,3.501749167561928,256.0,0.0,0.0,0.0,0.0,0.07800211942141863,0.32017362692004286
stage3_beta,abf,none,4,2.0,2.5,1.0,25.0,0.25,15.0,256,40000,10,0.005,3.0,0.08,4000,0.05514919168773185,0.19174349779931782,3.948432400952644,256.0,0.0,0.0,0.0,0.0,0.05345405901064648,0.19363215469535788
stage3_beta,abf,none,5,2.0,2.5,1.0,25.0,0.25,15.0,256,40000,10,0.005,3.0,0.08,4000,0.054494038853681176,0.1879060703596722,4.1584515339853665,256.0,0.0,0.0,0.0,0.0,0.07166064702695679,0.18370235719733358
stage3_beta,abf,none,6,2.0,2.5,1.0,25.0,0.25,15.0,256,40000,10,0.005,3.0,0.08,4000,0.05643794301009185,0.19742393294809318,3.8562895655158416,256.0,0.0,0.0,0.0,0.0,0.0849413655828534,0.19936955013740904
stage3_beta,abf,none,7,2.0,2.5,1.0,25.0,0.25,15.0,256,40000,10,0.005,3.0,0.08,4000,0.05710451531922556,0.2034647918684282,3.257374578254308,256.0,0.0,0.0,0.0,0.0,0.19434733168060864,0.5966861213996448
stage3_beta,abf,none,8,2.0,2.5,1.0,25.0,0.25,15.0,256,40000,10,0.005,3.0,0.08,4000,0.05523968461529022,0.2000649917306723,2.8241686353317332,256.0,0.0,0.0,0.0,0.0,0.1194001449111239,0.41172037926369237
stage3_beta,abf,none,9,2.0,2.5,1.0,25.0,0.25,15.0,256,40000,10,0.005,3.0,0.08,4000,0.05441556819164972,0.19730462706452742,3.478604862353637,256.0,0.0,0.0,0.0,0.0,0.029953977831916993,0.08750187866698655
stage3_beta,abf,none,0,4.0,2.5,1.0,25.0,0.25,15.0,256,40000,10,0.005,3.0,0.08,4000,0.05213053936139311,0.3087415547835777,2.9678545133005,256.0,0.0,0.0,0.0,0.0,0.01803637313722839,0.0481375553445009
stage3_beta,abf,none,1,4.0,2.5,1.0,25.0,0.25,15.0,256,40000,10,0.005,3.0,0.08,4000,0.054636665849277406,0.28046006757502434,3.3579805518028745,256.0,0.0,0.0,0.0,0.0,0.06648803535041418,0.24235381787523533
stage3_beta,abf,none,2,4.0,2.5,1.0,25.0,0.25,15.0,256,40000,10,0.005,3.0,0.08,4000,0.04964202222778909,0.2381942110826842,3.272630972524533,256.0,0.0,0.0,0.0,0.0,0.05363474727904784,0.16994971238732481
stage3_beta,abf,none,3,4.0,2.5,1.0,25.0,0.25,15.0,256,40000,10,0.005,3.0,0.08,4000,0.042864085279933364,0.28130729983420216,2.916796949363649,256.0,0.0,0.0,0.0,0.0,0.029095382710883667,0.10223451297343453
stage3_beta,abf,none,4,4.0,2.5,1.0,25.0,0.25,15.0,256,40000,10,0.005,3.0,0.08,4000,0.05311903838664804,0.24983504368188356,3.1554923719617394,256.0,0.0,0.0,0.0,0.0,0.042015693720556156,0.12237898208093763
stage3_beta,abf,none,5,4.0,2.5,1.0,25.0,0.25,15.0,256,40000,10,0.005,3.0,0.08,4000,0.04854278103539156,0.3141441890525816,3.288746110296761,256.0,0.0,0.0,0.0,0.0,0.017830453213236886,0.04277823741887368
stage3_beta,abf,none,6,4.0,2.5,1.0,25.0,0.25,15.0,256,40000,10,0.005,3.0,0.08,4000,0.045801706341325896,0.3248163808442354,3.0929268416036875,256.0,0.0,0.0,0.0,0.0,0.08979988564712074,0.30105198982426695
stage3_beta,abf,none,7,4.0,2.5,1.0,25.0,0.25,15.0,256,40000,10,0.005,3.0,0.08,4000,0.04705305167168184,0.2656242770745148,3.2701562663279664,256.0,0.0,0.0,0.0,0.0,0.04229487422943698,0.12842130944998376
stage3_beta,abf,none,8,4.0,2.5,1.0,25.0,0.25,15.0,256,40000,10,0.005,3.0,0.08,4000,0.04987228908670367,0.30334141493767236,3.0264555358661656,256.0,0.0,0.0,0.0,0.0,0.031583230107489625,0.12745967851014325
stage3_beta,abf,none,9,4.0,2.5,1.0,25.0,0.25,15.0,256,40000,10,0.005,3.0,0.08,4000,0.04550386721210665,0.3034831448359189,3.0429067438458306,256.0,0.0,0.0,0.0,0.0,0.026856343860673072,0.08908842802570521
stage3_beta,abf,none,0,8.0,2.5,1.0,25.0,0.25,15.0,256,40000,10,0.005,3.0,0.08,4000,0.15829358013224437,1.7091761013475228,8.54435061996545,256.0,0.0,0.0,0.0,0.0,0.020875403409363395,0.07619089565739152
stage3_beta,abf,none,1,8.0,2.5,1.0,25.0,0.25,15.0,256,40000,10,0.005,3.0,0.08,4000,0.21281462672880205,1.8653648760300312,11.593456329188509,256.0,0.0,0.0,0.0,0.0,0.010609306568016215,0.03939141588964036
stage3_beta,abf,none,2,8.0,2.5,1.0,25.0,0.25,15.0,256,40000,10,0.005,3.0,0.08,4000,0.18984198650661008,1.783022732769568,9.268375057574872,256.0,0.0,0.0,0.0,0.0,0.0064475084332235675,0.011408104454749587
stage3_beta,abf,none,3,8.0,2.5,1.0,25.0,0.25,15.0,256,40000,10,0.005,3.0,0.08,4000,0.2260279231646425,1.87242823685138,12.116569259470559,256.0,0.0,0.0,0.0,0.0,0.02197871971149397,0.09246957425068232
stage3_beta,abf,none,4,8.0,2.5,1.0,25.0,0.25,15.0,256,40000,10,0.005,3.0,0.08,4000,0.18886362370216814,1.7500756583274522,9.805515888877377,256.0,0.0,0.0,0.0,0.0,0.014746997964425159,0.03383464478812778
stage3_beta,abf,none,5,8.0,2.5,1.0,25.0,0.25,15.0,256,40000,10,0.005,3.0,0.08,4000,0.1898797372134707,1.7804686480181897,9.453419110642486,256.0,0.0,0.0,0.0,0.0,0.006591742070445485,0.02478454073612478
stage3_beta,abf,none,6,8.0,2.5,1.0,25.0,0.25,15.0,256,40000,10,0.005,3.0,0.08,4000,0.2074931652201895,1.8274439825059563,10.920602013417895,256.0,0.0,0.0,0.0,0.0,0.010113782610624986,0.037497754749554926
stage3_beta,abf,none,7,8.0,2.5,1.0,25.0,0.25,15.0,256,40000,10,0.005,3.0,0.08,4000,0.194847227092914,1.799980478179035,9.272740812928735,256.0,0.0,0.0,0.0,0.0,0.02896402036727257,0.07701610852404642
stage3_beta,abf,none,8,8.0,2.5,1.0,25.0,0.25,15.0,256,40000,10,0.005,3.0,0.08,4000,0.22896601646013004,1.882734361520231,12.869691273966284,256.0,0.0,0.0,0.0,0.0,0.021743525403437932,0.07989231892546617
stage3_beta,abf,none,9,8.0,2.5,1.0,25.0,0.25,15.0,256,40000,10,0.005,3.0,0.08,4000,0.21067474402138422,1.842323869792593,10.754517555926423,256.0,0.0,0.0,0.0,0.0,0.035106768254684215,0.09736504051816536
stage3_beta,fr_estimated,estimated,0,12.0,2.5,1.0,25.0,0.25,15.0,256,40000,10,0.005,3.0,0.08,4000,0.27943470528885905,2.4278337937778933,13.648601575970869,21.0,11771.0,4746.0,0.0161298828125,4000.0,0.015737374875951435,0.04067061019930492
stage3_beta,fr_estimated,estimated,1,12.0,2.5,1.0,25.0,0.25,15.0,256,40000,10,0.005,3.0,0.08,4000,0.28424723218919296,2.4263545866144995,13.907813476381058,20.0,11829.0,4836.0,0.0162744140625,4000.0,0.002083631258264744,0.006745845829964334
stage3_beta,fr_estimated,estimated,2,12.0,2.5,1.0,25.0,0.25,15.0,256,40000,10,0.005,3.0,0.08,4000,0.2917847915298879,2.4540717349470325,14.034912357180108,18.0,11709.0,4842.0,0.016163085937500002,4000.0,0.0069399148684739925,0.018095626861196548
stage3_beta,fr_estimated,estimated,3,12.0,2.5,1.0,25.0,0.25,15.0,256,40000,10,0.005,3.0,0.08,4000,0.23580776995678007,1.8999077169403904,11.769403492874249,19.0,14011.0,4866.0,0.0184345703125,4000.0,0.012007813622979884,0.04067144811230324
stage3_beta,fr_estimated,estimated,4,12.0,2.5,1.0,25.0,0.25,15.0,256,40000,10,0.005,3.0,0.08,4000,0.2737805382189782,2.389482648131303,13.38547636255376,19.0,11702.0,4761.0,0.0160771484375,4000.0,0.011254500460983908,0.042023079207191075
stage3_beta,fr_estimated,estimated,5,12.0,2.5,1.0,25.0,0.25,15.0,256,40000,10,0.005,3.0,0.08,4000,0.2793835918467477,2.4127982027200336,13.396003586057244,14.0,11753.0,4769.0,0.016134765625000002,4000.0,0.011258161684382886,0.02566214578724544
stage3_beta,fr_estimated,estimated,6,12.0,2.5,1.0,25.0,0.25,15.0,256,40000,10,0.005,3.0,0.08,4000,0.28478736422221307,2.443247580411188,13.840272789470802,25.0,11647.0,4694.0,0.0159580078125,4000.0,0.020240153810540874,0.09500793258263844
stage3_beta,fr_estimated,estimated,7,12.0,2.5,1.0,25.0,0.25,15.0,256,40000,10,0.005,3.0,0.08,4000,0.2950466815623037,2.4793845463182094,14.626936879961644,26.0,11769.0,4794.0,0.0161748046875,4000.0,0.016678763716914687,0.04814328250484247
stage3_beta,fr_estimated,estimated,8,12.0,2.5,1.0,25.0,0.25,15.0,256,40000,10,0.005,3.0,0.08,4000,0.2831143225947079,2.427057172359261,13.689087089901228,25.0,11816.0,4687.0,0.0161162109375,4000.0,0.014090194722832012,0.03238959233131555
stage3_beta,fr_estimated,estimated,9,12.0,2.5,1.0,25.0,0.25,15.0,256,40000,10,0.005,3.0,0.08,4000,0.24846832780161696,2.2420916726285887,12.134625649045574,16.0,11953.0,4607.0,0.016171875,4000.0,0.013083085493834318,0.05260510139598244
stage3_beta,fr_estimated,estimated,0,2.0,2.5,1.0,25.0,0.25,15.0,256,40000,10,0.005,3.0,0.08,4000,0.05767263855589705,0.19613699615865973,2.901783033853151,20.0,9085.0,7044.0,0.0157509765625,4000.0,0.09339673275467085,0.3535202887885265
stage3_beta,fr_estimated,estimated,1,2.0,2.5,1.0,25.0,0.25,15.0,256,40000,10,0.005,3.0,0.08,4000,0.05782842927918483,0.19616316480330193,3.257279100588999,25.0,9033.0,6909.0,0.015568359375,4000.0,0.2774246800196808,1.1533236473134685
stage3_beta,fr_estimated,estimated,2,2.0,2.5,1.0,25.0,0.25,15.0,256,40000,10,0.005,3.0,0.08,4000,0.06380675287154018,0.21261433617189157,3.5511418328211146,23.0,9093.0,6999.0,0.01571484375,4000.0,0.08613452430112238,0.3177910796565296
stage3_beta,fr_estimated,estimated,3,2.0,2.5,1.0,25.0,0.25,15.0,256,40000,10,0.005,3.0,0.08,4000,0.06148267962228008,0.2012479565788713,3.727946544320359,22.0,9131.0,6854.0,0.015610351562500001,4000.0,0.057132129728247175,0.13409151489414473
stage3_beta,fr_estimated,estimated,4,2.0,2.5,1.0,25.0,0.25,15.0,256,40000,10,0.005,3.0,0.08,4000,0.06968855732922805,0.21316695428922397,3.8745504784846516,20.0,9124.0,6906.0,0.015654296875,4000.0,0.11131073647451624,0.43600758527784705
stage3_beta,fr_estimated,estimated,5,2.0,2.5,1.0,25.0,0.25,15.0,256,40000,10,0.005,3.0,0.08,4000,0.0542274490639323,0.18972667233964507,2.966218503352131,24.0,9034.0,6923.0,0.0155830078125,4000.0,0.034654266343514054,0.07676715767728715
stage3_beta,fr_estimated,estimated,6,2.0,2.5,1.0,25.0,0.25,15.0,256,40000,10,0.005,3.0,0.08,4000,0.056608812659927364,0.19400796395668943,3.144346108055817,25.0,9012.0,7000.0,0.01563671875,4000.0,0.16516814451461337,0.4626091987505162
stage3_beta,fr_estimated,estimated,7,2.0,2.5,1.0,25.0,0.25,15.0,256,40000,10,0.005,3.0,0.08,4000,0.054785895389377226,0.19333365479034825,3.0589449585139135,27.0,9018.0,6975.0,0.0156181640625,4000.0,0.0564737858336972,0.14922206877076744
stage3_beta,fr_estimated,estimated,8,2.0,2.5,1.0,25.0,0.25,15.0,256,40000,10,0.005,3.0,0.08,4000,0.06632653952091881,0.21073863007014595,3.6931501915717657,28.0,8978.0,7034.0,0.01563671875,4000.0,0.02606908876733553,0.11211942799074276
stage3_beta,fr_estimated,estimated,9,2.0,2.5,1.0,25.0,0.25,15.0,256,40000,10,0.005,3.0,0.08,4000,0.06651497928356896,0.21288711123819826,3.588260677040353,32.0,9115.0,6912.0,0.0156513671875,4000.0,0.07212426091197542,0.318029258873936
stage3_beta,fr_estimated,estimated,0,4.0,2.5,1.0,25.0,0.25,15.0,256,40000,10,0.005,3.0,0.08,4000,0.061644778127867915,0.18133568876311446,3.224707212775677,17.0,10181.0,7125.0,0.016900390625,4000.0,0.07546155770448341,0.1949016844406017
stage3_beta,fr_estimated,estimated,1,4.0,2.5,1.0,25.0,0.25,15.0,256,40000,10,0.005,3.0,0.08,4000,0.05988296103003188,0.18317029466370313,3.1992783077435343,27.0,10377.0,7143.0,0.017109375,4000.0,0.04336846425371319,0.1934727849837342
stage3_beta,fr_estimated,estimated,2,4.0,2.5,1.0,25.0,0.25,15.0,256,40000,10,0.005,3.0,0.08,4000,0.06702213330657092,0.18270021982014883,3.4329259339000706,19.0,10760.0,7067.0,0.0174091796875,4000.0,0.04096851288462659,0.10426572167187215
stage3_beta,fr_estimated,estimated,3,4.0,2.5,1.0,25.0,0.25,15.0,256,40000,10,0.005,3.0,0.08,4000,0.06326369617727375,0.19770725051748358,3.45046038070819,14.0,10212.0,6839.0,0.016651367187500002,4000.0,0.08969860149842822,0.3619778053863989
stage3_beta,fr_estimated,estimated,4,4.0,2.5,1.0,25.0,0.25,15.0,256,40000,10,0.005,3.0,0.08,4000,0.058001704548517365,0.18332018845579223,2.847590862741921,21.0,9291.0,6862.0,0.0157744140625,4000.0,0.02821653020306868,0.07024211616268203
stage3_beta,fr_estimated,estimated,5,4.0,2.5,1.0,25.0,0.25,15.0,256,40000,10,0.005,3.0,0.08,4000,0.058199972715121305,0.17830392354460617,2.8828539712778465,24.0,10271.0,6967.0,0.016833984375,4000.0,0.027860981237797334,0.08790004749276542
stage3_beta,fr_estimated,estimated,6,4.0,2.5,1.0,25.0,0.25,15.0,256,40000,10,0.005,3.0,0.08,4000,0.06372336027676243,0.1836941845660546,3.137779183030594,27.0,10435.0,6969.0,0.01699609375,4000.0,0.007342369678459397,0.01841501234749865
stage3_beta,fr_estimated,estimated,7,4.0,2.5,1.0,25.0,0.25,15.0,256,40000,10,0.005,3.0,0.08,4000,0.059518574602870584,0.1875797134771343,3.2703182606132133,27.0,10038.0,6900.0,0.016541015625,4000.0,0.024913622359102543,0.09052588503270145
stage3_beta,fr_estimated,estimated,8,4.0,2.5,1.0,25.0,0.25,15.0,256,40000,10,0.005,3.0,0.08,4000,0.06395989321436805,0.1916818103692374,3.3520290635794368,18.0,10154.0,7252.0,0.016998046875,4000.0,0.051979657070638875,0.1461261714753231
stage3_beta,fr_estimated,estimated,9,4.0,2.5,1.0,25.0,0.25,15.0,256,40000,10,0.005,3.0,0.08,4000,0.062174007662430614,0.18167047514128337,3.423042549990833,26.0,10785.0,7205.0,0.017568359375000002,4000.0,0.06649664051490092,0.2408263807879655
stage3_beta,fr_estimated,estimated,0,8.0,2.5,1.0,25.0,0.25,15.0,256,40000,10,0.005,3.0,0.08,4000,0.09017172818393733,1.1005245634972178,6.259211223687762,21.0,12065.0,5739.0,0.017386718750000002,4000.0,0.03426042929959133,0.10146640092542693
stage3_beta,fr_estimated,estimated,1,8.0,2.5,1.0,25.0,0.25,15.0,256,40000,10,0.005,3.0,0.08,4000,0.10631552586744619,1.2191132388044104,6.790566582701309,15.0,12153.0,5777.0,0.017509765625,4000.0,0.013813855663050142,0.053922251321549125
stage3_beta,fr_estimated,estimated,2,8.0,2.5,1.0,25.0,0.25,15.0,256,40000,10,0.005,3.0,0.08,4000,0.10413301041856092,1.2030384660744964,6.687707450875436,21.0,12076.0,5551.0,0.0172138671875,4000.0,0.009718297427225539,0.02856737272813796
stage3_beta,fr_estimated,estimated,3,8.0,2.5,1.0,25.0,0.25,15.0,256,40000,10,0.005,3.0,0.08,4000,0.09764784405423929,1.1400658302278635,6.532569734163076,17.0,12131.0,5752.0,0.0174638671875,4000.0,0.017820568511669695,0.054159234113166296
stage3_beta,fr_estimated,estimated,4,8.0,2.5,1.0,25.0,0.25,15.0,256,40000,10,0.005,3.0,0.08,4000,0.10589036300692571,1.2528796839462648,6.532095645067182,18.0,12005.0,5648.0,0.0172392578125,4000.0,0.0250212052001496,0.08469215661815249
stage3_beta,fr_estimated,estimated,5,8.0,2.5,1.0,25.0,0.25,15.0,256,40000,10,0.005,3.0,0.08,4000,0.08740900175902712,1.0110062728631273,5.715113788497101,23.0,12157.0,5754.0,0.0174912109375,4000.0,0.044408201764989066,0.11688534933088325
stage3_beta,fr_estimated,estimated,6,8.0,2.5,1.0,25.0,0.25,15.0,256,40000,10,0.005,3.0,0.08,4000,0.09631114028104326,1.0867374672996302,6.066466878954375,20.0,11874.0,5755.0,0.0172158203125,4000.0,0.0275229215701349,0.06856643776090156
stage3_beta,fr_estimated,estimated,7,8.0,2.5,1.0,25.0,0.25,15.0,256,40000,10,0.005,3.0,0.08,4000,0.10354460104182661,1.207302350801594,6.460587747884075,18.0,11956.0,5546.0,0.017091796875,4000.0,0.016125150543002058,0.03802769808099925
stage3_beta,fr_estimated,estimated,8,8.0,2.5,1.0,25.0,0.25,15.0,256,40000,10,0.005,3.0,0.08,4000,0.09762424792418904,1.1541428417005501,6.386135589493309,17.0,12041.0,5598.0,0.0172255859375,4000.0,0.021947899572112274,0.08955782195404333
stage3_beta,fr_estimated,estimated,9,8.0,2.5,1.0,25.0,0.25,15.0,256,40000,10,0.005,3.0,0.08,4000,0.09826221977087012,1.1248708263478162,6.161213668992714,20.0,11975.0,5711.0,0.017271484375,4000.0,0.027684425996966112,0.1276719452570504
stage4_gamma,abf,none,0,8.0,2.5,1.0,25.0,0.25,10.0,256,40000,10,0.005,3.0,0.08,4000,0.2135190439193237,1.8446762508540775,11.495343116111549,256.0,0.0,0.0,0.0,0.0,0.01903014424814049,0.041341633162731414
stage4_gamma,abf,none,1,8.0,2.5,1.0,25.0,0.25,10.0,256,40000,10,0.005,3.0,0.08,4000,0.20061500282993572,1.8240193531466076,10.336202536205297,256.0,0.0,0.0,0.0,0.0,0.006780364233001389,0.017508200377670383
stage4_gamma,abf,none,2,8.0,2.5,1.0,25.0,0.25,10.0,256,40000,10,0.005,3.0,0.08,4000,0.19239810793552253,1.7492695800852718,9.74147682474361,256.0,0.0,0.0,0.0,0.0,0.016776465705084138,0.06643631349974938
stage4_gamma,abf,none,3,8.0,2.5,1.0,25.0,0.25,10.0,256,40000,10,0.005,3.0,0.08,4000,0.19577546914453076,1.7947541921123074,10.319553021341607,256.0,0.0,0.0,0.0,0.0,0.014343565928051546,0.05045081313473464
stage4_gamma,abf,none,4,8.0,2.5,1.0,25.0,0.25,10.0,256,40000,10,0.005,3.0,0.08,4000,0.19018312104270355,1.7592803276295657,9.145601789887321,256.0,0.0,0.0,0.0,0.0,0.019140971021589043,0.07849624111201405
stage4_gamma,abf,none,5,8.0,2.5,1.0,25.0,0.25,10.0,256,40000,10,0.005,3.0,0.08,4000,0.21514341804937426,1.842650497233501,11.017701140622766,256.0,0.0,0.0,0.0,0.0,0.018241884925167835,0.0646097077196694
stage4_gamma,abf,none,6,8.0,2.5,1.0,25.0,0.25,10.0,256,40000,10,0.005,3.0,0.08,4000,0.20715898498288227,1.817641166364495,10.706575932494978,256.0,0.0,0.0,0.0,0.0,0.012925150153251009,0.02729778312674018
stage4_gamma,abf,none,7,8.0,2.5,1.0,25.0,0.25,10.0,256,40000,10,0.005,3.0,0.08,4000,0.20580878978764516,1.8484742566132,10.167202172576136,256.0,0.0,0.0,0.0,0.0,0.010441759876422976,0.03570705157892819
stage4_gamma,abf,none,8,8.0,2.5,1.0,25.0,0.25,10.0,256,40000,10,0.005,3.0,0.08,4000,0.21313933186274864,1.842496591122534,11.256180106897673,256.0,0.0,0.0,0.0,0.0,0.03307548867439417,0.060652512916582496
stage4_gamma,abf,none,9,8.0,2.5,1.0,25.0,0.25,10.0,256,40000,10,0.005,3.0,0.08,4000,0.19912182705452972,1.7951299301991674,10.230488936914835,256.0,0.0,0.0,0.0,0.0,0.01770038093833863,0.055229106341617235
stage4_gamma,abf,none,0,8.0,2.5,1.0,25.0,0.25,15.0,256,40000,10,0.005,3.0,0.08,4000,0.20500396788480538,1.832499171881909,11.444047997512778,256.0,0.0,0.0,0.0,0.0,0.009555738276780436,0.034573610153868894
stage4_gamma,abf,none,1,8.0,2.5,1.0,25.0,0.25,15.0,256,40000,10,0.005,3.0,0.08,4000,0.21410215874748778,1.828480510587083,11.211349308017155,256.0,0.0,0.0,0.0,0.0,0.009291043198079597,0.028826592408685348
stage4_gamma,abf,none,2,8.0,2.5,1.0,25.0,0.25,15.0,256,40000,10,0.005,3.0,0.08,4000,0.202197794291961,1.8127794270887363,10.423022201407617,256.0,0.0,0.0,0.0,0.0,0.02026461139165353,0.04525968045002472
stage4_gamma,abf,none,3,8.0,2.5,1.0,25.0,0.25,15.0,256,40000,10,0.005,3.0,0.08,4000,0.17975772112439092,1.7119250328208164,9.020399083556534,256.0,0.0,0.0,0.0,0.0,0.005880410497310848,0.020976919339588576
stage4_gamma,abf,none,4,8.0,2.5,1.0,25.0,0.25,15.0,256,40000,10,0.005,3.0,0.08,4000,0.22131782857361693,1.8845424144925278,11.557774271224108,256.0,0.0,0.0,0.0,0.0,0.017556953713279342,0.06909941960971053
stage4_gamma,abf,none,5,8.0,2.5,1.0,25.0,0.25,15.0,256,40000,10,0.005,3.0,0.08,4000,0.21332828057641767,1.8379727406284316,11.162002215398783,256.0,0.0,0.0,0.0,0.0,0.011720548290847121,0.049482415197083324
stage4_gamma,abf,none,6,8.0,2.5,1.0,25.0,0.25,15.0,256,40000,10,0.005,3.0,0.08,4000,0.20951259641519338,1.8439500760557554,10.895397667777857,256.0,0.0,0.0,0.0,0.0,0.014647144466191173,0.043171019226133395
stage4_gamma,abf,none,7,8.0,2.5,1.0,25.0,0.25,15.0,256,40000,10,0.005,3.0,0.08,4000,0.22594246543452703,1.8945992893768286,12.065320633568835,256.0,0.0,0.0,0.0,0.0,0.01801019049896373,0.05136490328226098
stage4_gamma,abf,none,8,8.0,2.5,1.0,25.0,0.25,15.0,256,40000,10,0.005,3.0,0.08,4000,0.19544251421716083,1.7684433073577206,9.388494730682474,256.0,0.0,0.0,0.0,0.0,0.020450402612675396,0.04681100820740172
stage4_gamma,abf,none,9,8.0,2.5,1.0,25.0,0.25,15.0,256,40000,10,0.005,3.0,0.08,4000,0.2047882597746864,1.8119060506514826,11.460486411156763,256.0,0.0,0.0,0.0,0.0,0.011382157687023954,0.045628793390666514
stage4_gamma,abf,none,0,8.0,2.5,1.0,25.0,0.25,1.0,256,40000,10,0.005,3.0,0.08,4000,0.17366395049738176,1.6578485932332607,8.469663726201862,256.0,0.0,0.0,0.0,0.0,0.01851510793007103,0.07583800783143131
stage4_gamma,abf,none,1,8.0,2.5,1.0,25.0,0.25,1.0,256,40000,10,0.005,3.0,0.08,4000,0.2022576364849942,1.824586236849388,10.463992525791923,256.0,0.0,0.0,0.0,0.0,0.016550204838122723,0.07076114923959466
stage4_gamma,abf,none,2,8.0,2.5,1.0,25.0,0.25,1.0,256,40000,10,0.005,3.0,0.08,4000,0.209114261716932,1.8338516437683168,10.28316514308193,256.0,0.0,0.0,0.0,0.0,0.016215524502108187,0.058281413365925655
stage4_gamma,abf,none,3,8.0,2.5,1.0,25.0,0.25,1.0,256,40000,10,0.005,3.0,0.08,4000,0.19211635998701285,1.7280408232175741,9.977421623682481,256.0,0.0,0.0,0.0,0.0,0.013140273624052502,0.04593006607667391
stage4_gamma,abf,none,4,8.0,2.5,1.0,25.0,0.25,1.0,256,40000,10,0.005,3.0,0.08,4000,0.2259626618711423,1.8824096459718904,11.36397143130966,256.0,0.0,0.0,0.0,0.0,0.017383064540558664,0.05095225138310723
stage4_gamma,abf,none,5,8.0,2.5,1.0,25.0,0.25,1.0,256,40000,10,0.005,3.0,0.08,4000,0.21411514830682846,1.8601348253198648,11.18005525870852,256.0,0.0,0.0,0.0,0.0,0.01220482827584829,0.03407602825749545
stage4_gamma,abf,none,6,8.0,2.5,1.0,25.0,0.25,1.0,256,40000,10,0.005,3.0,0.08,4000,0.1859629198042325,1.7259989031044711,9.503202283987111,256.0,0.0,0.0,0.0,0.0,0.022401043088725942,0.06907785411221824
stage4_gamma,abf,none,7,8.0,2.5,1.0,25.0,0.25,1.0,256,40000,10,0.005,3.0,0.08,4000,0.2189117867435544,1.8807445916442929,11.754785798328065,256.0,0.0,0.0,0.0,0.0,0.02103371376891413,0.05966083895531073
stage4_gamma,abf,none,8,8.0,2.5,1.0,25.0,0.25,1.0,256,40000,10,0.005,3.0,0.08,4000,0.21529696628987924,1.823548607474696,10.999202323051632,256.0,0.0,0.0,0.0,0.0,0.0042303729237742884,0.010289665987024466
stage4_gamma,abf,none,9,8.0,2.5,1.0,25.0,0.25,1.0,256,40000,10,0.005,3.0,0.08,4000,0.22002625184253802,1.8856702704190587,11.508169783301783,256.0,0.0,0.0,0.0,0.0,0.014708542368983446,0.06668688025085738
stage4_gamma,abf,none,0,8.0,2.5,1.0,25.0,0.25,25.0,256,40000,10,0.005,3.0,0.08,4000,0.23728757076662677,2.0113900925765047,11.891246817083207,256.0,0.0,0.0,0.0,0.0,0.013113123651839632,0.05937292367032222
stage4_gamma,abf,none,1,8.0,2.5,1.0,25.0,0.25,25.0,256,40000,10,0.005,3.0,0.08,4000,0.194276046746894,1.7572687343525661,10.225507242122507,256.0,0.0,0.0,0.0,0.0,0.008661226070588515,0.03324021817466723
stage4_gamma,abf,none,2,8.0,2.5,1.0,25.0,0.25,25.0,256,40000,10,0.005,3.0,0.08,4000,0.20239611494951568,1.801945638279134,10.644262419650682,256.0,0.0,0.0,0.0,0.0,0.005344507064984623,0.01565253416870359
stage4_gamma,abf,none,3,8.0,2.5,1.0,25.0,0.25,25.0,256,40000,10,0.005,3.0,0.08,4000,0.19257848131066088,1.7651744153399165,9.029437213491427,256.0,0.0,0.0,0.0,0.0,0.012631135427668683,0.04004287338543021
stage4_gamma,abf,none,4,8.0,2.5,1.0,25.0,0.25,25.0,256,40000,10,0.005,3.0,0.08,4000,0.22173367333970267,1.9032701079789642,11.808750584751714,256.0,0.0,0.0,0.0,0.0,0.017076955138099842,0.037949367433049816
stage4_gamma,abf,none,5,8.0,2.5,1.0,25.0,0.25,25.0,256,40000,10,0.005,3.0,0.08,4000,0.1955401767262197,1.7701226173200757,10.107766752399394,256.0,0.0,0.0,0.0,0.0,0.026609231378523855,0.08933745809409126
stage4_gamma,abf,none,6,8.0,2.5,1.0,25.0,0.25,25.0,256,40000,10,0.005,3.0,0.08,4000,0.208653937493937,1.8320318338452075,10.887111002457141,256.0,0.0,0.0,0.0,0.0,0.009869479711254788,0.039520264415921866
stage4_gamma,abf,none,7,8.0,2.5,1.0,25.0,0.25,25.0,256,40000,10,0.005,3.0,0.08,4000,0.16512151082247178,1.5718323035863477,8.446217132442051,256.0,0.0,0.0,0.0,0.0,0.02513757844506582,0.07292651712549315
stage4_gamma,abf,none,8,8.0,2.5,1.0,25.0,0.25,25.0,256,40000,10,0.005,3.0,0.08,4000,0.219637740945713,1.8667137430256808,12.377468250563055,256.0,0.0,0.0,0.0,0.0,0.010755976445745814,0.03312204432631059
stage4_gamma,abf,none,9,8.0,2.5,1.0,25.0,0.25,25.0,256,40000,10,0.005,3.0,0.08,4000,0.21085623541829865,1.8264764938176568,11.036501968946146,256.0,0.0,0.0,0.0,0.0,0.012769346215204536,0.02615041046413827
stage4_gamma,abf,none,0,8.0,2.5,1.0,25.0,0.25,3.0,256,40000,10,0.005,3.0,0.08,4000,0.20886607357507578,1.813656128441,10.774851731764262,256.0,0.0,0.0,0.0,0.0,0.020294782018162278,0.05448498673508308
stage4_gamma,abf,none,1,8.0,2.5,1.0,25.0,0.25,3.0,256,40000,10,0.005,3.0,0.08,4000,0.16882533555973955,1.6078887550785603,8.102384236736341,256.0,0.0,0.0,0.0,0.0,0.02066611483617532,0.0808445922026588
stage4_gamma,abf,none,2,8.0,2.5,1.0,25.0,0.25,3.0,256,40000,10,0.005,3.0,0.08,4000,0.21390508267474498,1.8468925492801784,10.702729355451504,256.0,0.0,0.0,0.0,0.0,0.016330248126500562,0.04883095819933324
stage4_gamma,abf,none,3,8.0,2.5,1.0,25.0,0.25,3.0,256,40000,10,0.005,3.0,0.08,4000,0.20246798309584263,1.7908454610684492,10.49314230351433,256.0,0.0,0.0,0.0,0.0,0.016647559440987655,0.06360180909003026
stage4_gamma,abf,none,4,8.0,2.5,1.0,25.0,0.25,3.0,256,40000,10,0.005,3.0,0.08,4000,0.2059949743063651,1.800501654836848,10.763657339464185,256.0,0.0,0.0,0.0,0.0,0.010507056384783605,0.03406850126430888
stage4_gamma,abf,none,5,8.0,2.5,1.0,25.0,0.25,3.0,256,40000,10,0.005,3.0,0.08,4000,0.1676733210116484,1.6288033033604865,8.374325247729747,256.0,0.0,0.0,0.0,0.0,0.007902814579507367,0.016040420502304628
stage4_gamma,abf,none,6,8.0,2.5,1.0,25.0,0.25,3.0,256,40000,10,0.005,3.0,0.08,4000,0.17187760164690924,1.6295151113311448,9.265069936496076,256.0,0.0,0.0,0.0,0.0,0.011884475626857774,0.04510791934889459
stage4_gamma,abf,none,7,8.0,2.5,1.0,25.0,0.25,3.0,256,40000,10,0.005,3.0,0.08,4000,0.19927168576176627,1.80563799499691,9.953939706175452,256.0,0.0,0.0,0.0,0.0,0.04508921410116251,0.20349879148227878
stage4_gamma,abf,none,8,8.0,2.5,1.0,25.0,0.25,3.0,256,40000,10,0.005,3.0,0.08,4000,0.21459939794791755,1.8458452437226933,11.277772398105363,256.0,0.0,0.0,0.0,0.0,0.01822887844642036,0.059266052425244506
stage4_gamma,abf,none,9,8.0,2.5,1.0,25.0,0.25,3.0,256,40000,10,0.005,3.0,0.08,4000,0.20666790498334622,1.821431261519088,10.420013258367815,256.0,0.0,0.0,0.0,0.0,0.010294925871782686,0.0397558648809101
stage4_gamma,abf,none,0,8.0,2.5,1.0,25.0,0.25,50.0,256,40000,10,0.005,3.0,0.08,4000,0.21526182117655396,1.9056161978076345,10.535914827621724,256.0,0.0,0.0,0.0,0.0,0.011581127980982004,0.038081401021475184
stage4_gamma,abf,none,1,8.0,2.5,1.0,25.0,0.25,50.0,256,40000,10,0.005,3.0,0.08,4000,0.2041881425486749,1.7916571601716151,10.039255921417947,256.0,0.0,0.0,0.0,0.0,0.01865817959891694,0.07109431194870897
stage4_gamma,abf,none,2,8.0,2.5,1.0,25.0,0.25,50.0,256,40000,10,0.005,3.0,0.08,4000,0.21301166805434943,1.849931760972938,11.251859845291872,256.0,0.0,0.0,0.0,0.0,0.011357517040248321,0.035625419527855084
stage4_gamma,abf,none,3,8.0,2.5,1.0,25.0,0.25,50.0,256,40000,10,0.005,3.0,0.08,4000,0.21255024262703634,1.8739244538932525,11.55521739800366,256.0,0.0,0.0,0.0,0.0,0.007542338204055263,0.02922269432462553
stage4_gamma,abf,none,4,8.0,2.5,1.0,25.0,0.25,50.0,256,40000,10,0.005,3.0,0.08,4000,0.20970666166856508,1.8302984285744075,10.858421956455894,256.0,0.0,0.0,0.0,0.0,0.01585561076519835,0.04464065256570611
stage4_gamma,abf,none,5,8.0,2.5,1.0,25.0,0.25,50.0,256,40000,10,0.005,3.0,0.08,4000,0.20081680971696933,1.7828730980875749,10.50969141468931,256.0,0.0,0.0,0.0,0.0,0.01928767157384358,0.054584972338123205
stage4_gamma,abf,none,6,8.0,2.5,1.0,25.0,0.25,50.0,256,40000,10,0.005,3.0,0.08,4000,0.2148441418860003,1.8825689421191762,9.956559137124046,256.0,0.0,0.0,0.0,0.0,0.013012487941468115,0.04378314999359324
stage4_gamma,abf,none,7,8.0,2.5,1.0,25.0,0.25,50.0,256,40000,10,0.005,3.0,0.08,4000,0.20525005002019533,1.816220428606842,10.834978508062227,256.0,0.0,0.0,0.0,0.0,0.003984555713888149,0.01607567087726433
stage4_gamma,abf,none,8,8.0,2.5,1.0,25.0,0.25,50.0,256,40000,10,0.005,3.0,0.08,4000,0.2029962691028125,1.8105482676588003,11.127148530542193,256.0,0.0,0.0,0.0,0.0,0.01617589372832875,0.06697957375924388
stage4_gamma,abf,none,9,8.0,2.5,1.0,25.0,0.25,50.0,256,40000,10,0.005,3.0,0.08,4000,0.1882572116563526,1.7304162793567681,9.215781532507826,256.0,0.0,0.0,0.0,0.0,0.02778003523703883,0.0849445018964284
stage4_gamma,abf,none,0,8.0,2.5,1.0,25.0,0.25,5.0,256,40000,10,0.005,3.0,0.08,4000,0.2031064386503443,1.802667033619227,10.690811318474324,256.0,0.0,0.0,0.0,0.0,0.01042067470407132,0.019872540602036373
stage4_gamma,abf,none,1,8.0,2.5,1.0,25.0,0.25,5.0,256,40000,10,0.005,3.0,0.08,4000,0.18950011326834953,1.738791311416245,9.41056928922643,256.0,0.0,0.0,0.0,0.0,0.014785901709278227,0.05437174256024464
stage4_gamma,abf,none,2,8.0,2.5,1.0,25.0,0.25,5.0,256,40000,10,0.005,3.0,0.08,4000,0.20406847373641251,1.825159961322984,10.535622808337617,256.0,0.0,0.0,0.0,0.0,0.027763748082244227,0.10208048283198477
stage4_gamma,abf,none,3,8.0,2.5,1.0,25.0,0.25,5.0,256,40000,10,0.005,3.0,0.08,4000,0.17173333687744402,1.5664035660215907,8.600698147092352,256.0,0.0,0.0,0.0,0.0,0.017805583983758033,0.07514001769187767
stage4_gamma,abf,none,4,8.0,2.5,1.0,25.0,0.25,5.0,256,40000,10,0.005,3.0,0.08,4000,0.21012518287940682,1.8044899959846497,11.417960095678435,256.0,0.0,0.0,0.0,0.0,0.010560575829595452,0.021491388806232484
stage4_gamma,abf,none,5,8.0,2.5,1.0,25.0,0.25,5.0,256,40000,10,0.005,3.0,0.08,4000,0.19680866959203092,1.7678500662753316,10.154425856567123,256.0,0.0,0.0,0.0,0.0,0.015206470103740691,0.05032039753762271
stage4_gamma,abf,none,6,8.0,2.5,1.0,25.0,0.25,5.0,256,40000,10,0.005,3.0,0.08,4000,0.20773150192334452,1.8043971809407722,11.118010114649554,256.0,0.0,0.0,0.0,0.0,0.03020863376754086,0.08405015301644003
stage4_gamma,abf,none,7,8.0,2.5,1.0,25.0,0.25,5.0,256,40000,10,0.005,3.0,0.08,4000,0.20834895034740417,1.84328243256564,11.777583641921698,256.0,0.0,0.0,0.0,0.0,0.015778339054118996,0.047729053443037864
stage4_gamma,abf,none,8,8.0,2.5,1.0,25.0,0.25,5.0,256,40000,10,0.005,3.0,0.08,4000,0.2030739279774552,1.8167475032016986,10.7705684591353,256.0,0.0,0.0,0.0,0.0,0.0094758857452983,0.03375104507997548
stage4_gamma,abf,none,9,8.0,2.5,1.0,25.0,0.25,5.0,256,40000,10,0.005,3.0,0.08,4000,0.1972845752809471,1.7842507233327254,10.086663101537514,256.0,0.0,0.0,0.0,0.0,0.01650174316463341,0.046934501828557004
stage4_gamma,fr_estimated,estimated,0,8.0,2.5,1.0,25.0,0.25,10.0,256,40000,10,0.005,3.0,0.08,4000,0.13239396469009718,1.4118284677072075,7.624281558611199,23.0,8545.0,4212.0,0.0124580078125,4000.0,0.018846767079761167,0.05863007460639123
stage4_gamma,fr_estimated,estimated,1,8.0,2.5,1.0,25.0,0.25,10.0,256,40000,10,0.005,3.0,0.08,4000,0.131187272630267,1.4075054799678608,7.684708877268622,34.0,8318.0,4186.0,0.0122109375,4000.0,0.027939444106774746,0.08362030613904953
stage4_gamma,fr_estimated,estimated,2,8.0,2.5,1.0,25.0,0.25,10.0,256,40000,10,0.005,3.0,0.08,4000,0.12221255712191657,1.3464913063349937,6.985568790626599,30.0,8501.0,4065.0,0.012271484375,4000.0,0.02395092524483114,0.0608237166463548
stage4_gamma,fr_estimated,estimated,3,8.0,2.5,1.0,25.0,0.25,10.0,256,40000,10,0.005,3.0,0.08,4000,0.11555374006482784,1.096675004824173,6.544691657445082,25.0,8885.0,4130.0,0.0127099609375,4000.0,0.027777649218565133,0.131946399234458
stage4_gamma,fr_estimated,estimated,4,8.0,2.5,1.0,25.0,0.25,10.0,256,40000,10,0.005,3.0,0.08,4000,0.11836901403873101,1.2397247174357007,6.912599280614112,28.0,8779.0,4050.0,0.0125283203125,4000.0,0.03338849068160234,0.1033596820994287
stage4_gamma,fr_estimated,estimated,5,8.0,2.5,1.0,25.0,0.25,10.0,256,40000,10,0.005,3.0,0.08,4000,0.13149898295726561,1.3914167171690563,7.6286130704924195,24.0,8282.0,4263.0,0.0122509765625,4000.0,0.019680025847992447,0.05461025427451137
stage4_gamma,fr_estimated,estimated,6,8.0,2.5,1.0,25.0,0.25,10.0,256,40000,10,0.005,3.0,0.08,4000,0.1144468023243378,1.265124019645315,7.01597908390687,29.0,8456.0,4346.0,0.012501953125,4000.0,0.01345799544695774,0.0443574254122205
stage4_gamma,fr_estimated,estimated,7,8.0,2.5,1.0,25.0,0.25,10.0,256,40000,10,0.005,3.0,0.08,4000,0.12085375940411631,1.3238965991820024,7.1352306615098104,26.0,8466.0,4114.0,0.01228515625,4000.0,0.020095147593471436,0.08146413734383195
stage4_gamma,fr_estimated,estimated,8,8.0,2.5,1.0,25.0,0.25,10.0,256,40000,10,0.005,3.0,0.08,4000,0.1149781876892258,1.2847956743446918,6.8027137598295635,27.0,8559.0,4250.0,0.012508789062500001,4000.0,0.027799373190755778,0.06882503494096058
stage4_gamma,fr_estimated,estimated,9,8.0,2.5,1.0,25.0,0.25,10.0,256,40000,10,0.005,3.0,0.08,4000,0.12491389669394755,1.3561549822696182,7.433571281081685,28.0,8346.0,4200.0,0.012251953125,4000.0,0.031125496827864356,0.07393792240738012
stage4_gamma,fr_estimated,estimated,0,8.0,2.5,1.0,25.0,0.25,15.0,256,40000,10,0.005,3.0,0.08,4000,0.09635706373404762,1.0919668395822517,6.257315702450212,26.0,11843.0,5602.0,0.0170361328125,4000.0,0.021248113179962017,0.06961785303506542
stage4_gamma,fr_estimated,estimated,1,8.0,2.5,1.0,25.0,0.25,15.0,256,40000,10,0.005,3.0,0.08,4000,0.10503433276782098,1.1586065136282178,6.853313933047677,21.0,11799.0,5475.0,0.016869140625,4000.0,0.030702112881932715,0.10562780221649498
stage4_gamma,fr_estimated,estimated,2,8.0,2.5,1.0,25.0,0.25,15.0,256,40000,10,0.005,3.0,0.08,4000,0.10292674318602522,1.1946071768216744,6.709021483034867,20.0,11893.0,5671.0,0.01715234375,4000.0,0.012508178715744769,0.040430775376205486
stage4_gamma,fr_estimated,estimated,3,8.0,2.5,1.0,25.0,0.25,15.0,256,40000,10,0.005,3.0,0.08,4000,0.08728740567867467,1.0798053813579829,5.542260802843023,23.0,12156.0,5635.0,0.0173740234375,4000.0,0.036573961056673335,0.09798070167569464
stage4_gamma,fr_estimated,estimated,4,8.0,2.5,1.0,25.0,0.25,15.0,256,40000,10,0.005,3.0,0.08,4000,0.09969887051598289,1.1763262715817018,6.355681801655148,21.0,12008.0,5698.0,0.017291015625,4000.0,0.014212441952912885,0.041524737315020044
stage4_gamma,fr_estimated,estimated,5,8.0,2.5,1.0,25.0,0.25,15.0,256,40000,10,0.005,3.0,0.08,4000,0.09480413329666382,1.1034008467791083,6.025810345922858,18.0,12060.0,5572.0,0.01721875,4000.0,0.003005331226522877,0.010478144824452348
stage4_gamma,fr_estimated,estimated,6,8.0,2.5,1.0,25.0,0.25,15.0,256,40000,10,0.005,3.0,0.08,4000,0.10025241126287994,1.1808800624181042,6.270519482351936,24.0,11904.0,5537.0,0.0170322265625,4000.0,0.025207466534437305,0.0698930544479717
stage4_gamma,fr_estimated,estimated,7,8.0,2.5,1.0,25.0,0.25,15.0,256,40000,10,0.005,3.0,0.08,4000,0.10376959357813033,1.2083957716279485,6.311239973340462,21.0,11780.0,5742.0,0.017111328125000002,4000.0,0.02007782636722875,0.060275245211514714
stage4_gamma,fr_estimated,estimated,8,8.0,2.5,1.0,25.0,0.25,15.0,256,40000,10,0.005,3.0,0.08,4000,0.08708342695926867,0.9802353890756358,5.612489213145569,21.0,11880.0,5761.0,0.017227539062500002,4000.0,0.029514529454747574,0.08953992332010224
stage4_gamma,fr_estimated,estimated,9,8.0,2.5,1.0,25.0,0.25,15.0,256,40000,10,0.005,3.0,0.08,4000,0.09951826544682212,1.1820358993063187,6.297538338438276,18.0,12076.0,5466.0,0.017130859375,4000.0,0.0119203080786575,0.05109456822725035
stage4_gamma,fr_estimated,estimated,0,8.0,2.5,1.0,25.0,0.25,1.0,256,40000,10,0.005,3.0,0.08,4000,0.1905729126958755,1.7115809269709275,9.675183869804272,101.0,1253.0,710.0,0.0019169921875,4000.0,0.017558442506136605,0.06991905994427616
stage4_gamma,fr_estimated,estimated,1,8.0,2.5,1.0,25.0,0.25,1.0,256,40000,10,0.005,3.0,0.08,4000,0.19999532253006014,1.7986713615481376,10.17772539380799,97.0,1180.0,731.0,0.0018662109375,4000.0,0.05194235286608069,0.21853311595957292
stage4_gamma,fr_estimated,estimated,2,8.0,2.5,1.0,25.0,0.25,1.0,256,40000,10,0.005,3.0,0.08,4000,0.18815823021179207,1.7008148430355348,9.722781700532535,101.0,1266.0,750.0,0.00196875,4000.0,0.011265746257521725,0.023877632364156562
stage4_gamma,fr_estimated,estimated,3,8.0,2.5,1.0,25.0,0.25,1.0,256,40000,10,0.005,3.0,0.08,4000,0.1974817208289402,1.7634526427928907,10.087547714983158,109.0,1223.0,764.0,0.0019404296875,4000.0,0.010434786017451384,0.044224662897821634
stage4_gamma,fr_estimated,estimated,4,8.0,2.5,1.0,25.0,0.25,1.0,256,40000,10,0.005,3.0,0.08,4000,0.1901334521690335,1.7273646910058558,9.768268510656267,104.0,1200.0,746.0,0.001900390625,4000.0,0.008607812819356473,0.03555280179270036
stage4_gamma,fr_estimated,estimated,5,8.0,2.5,1.0,25.0,0.25,1.0,256,40000,10,0.005,3.0,0.08,4000,0.1973294052353509,1.7720907655234361,10.38290061671594,104.0,1162.0,685.0,0.0018037109375,4000.0,0.004754548446887276,0.006631505754894115
stage4_gamma,fr_estimated,estimated,6,8.0,2.5,1.0,25.0,0.25,1.0,256,40000,10,0.005,3.0,0.08,4000,0.18876760297291897,1.7248509351709003,9.54856863017119,114.0,1220.0,752.0,0.00192578125,4000.0,0.014666589208659514,0.060750443706198955
stage4_gamma,fr_estimated,estimated,7,8.0,2.5,1.0,25.0,0.25,1.0,256,40000,10,0.005,3.0,0.08,4000,0.20596150856128584,1.813283006467867,10.58692741292903,95.0,1217.0,733.0,0.001904296875,4000.0,0.013966460617913628,0.06120579369367116
stage4_gamma,fr_estimated,estimated,8,8.0,2.5,1.0,25.0,0.25,1.0,256,40000,10,0.005,3.0,0.08,4000,0.18790039545948176,1.724845186873829,9.34718346836873,86.0,1271.0,748.0,0.0019716796875,4000.0,0.007341060712464445,0.02624778695166012
stage4_gamma,fr_estimated,estimated,9,8.0,2.5,1.0,25.0,0.25,1.0,256,40000,10,0.005,3.0,0.08,4000,0.19504975877004965,1.7460012380075893,9.946816902659254,98.0,1224.0,741.0,0.0019189453125,4000.0,0.009025438084824037,0.032498252048194134
stage4_gamma,fr_estimated,estimated,0,8.0,2.5,1.0,25.0,0.25,25.0,256,40000,10,0.005,3.0,0.08,4000,0.06698208264584457,0.8413076804209285,4.997517901224491,15.0,18369.0,8221.0,0.025966796875,4000.0,0.023219158027831685,0.09828751865744371
stage4_gamma,fr_estimated,estimated,1,8.0,2.5,1.0,25.0,0.25,25.0,256,40000,10,0.005,3.0,0.08,4000,0.06596811129384847,0.8828640240524263,4.896747302552601,13.0,18551.0,8343.0,0.026263671875000002,4000.0,0.014696239255956122,0.059978254591162086
stage4_gamma,fr_estimated,estimated,2,8.0,2.5,1.0,25.0,0.25,25.0,256,40000,10,0.005,3.0,0.08,4000,0.06611178483928554,0.8868581758532528,5.1112934082406625,15.0,18531.0,8404.0,0.026303710937500002,4000.0,0.012405189087869719,0.05249728836341454
stage4_gamma,fr_estimated,estimated,3,8.0,2.5,1.0,25.0,0.25,25.0,256,40000,10,0.005,3.0,0.08,4000,0.06603750209600573,0.7787769172885147,5.017833282114784,9.0,18895.0,8465.0,0.02671875,4000.0,0.016694535967069712,0.05065408238687197
stage4_gamma,fr_estimated,estimated,4,8.0,2.5,1.0,25.0,0.25,25.0,256,40000,10,0.005,3.0,0.08,4000,0.0650542724798055,0.7347676015252538,4.869411916155498,10.0,19074.0,8497.0,0.0269248046875,4000.0,0.012642089370452029,0.04223655111217686
stage4_gamma,fr_estimated,estimated,5,8.0,2.5,1.0,25.0,0.25,25.0,256,40000,10,0.005,3.0,0.08,4000,0.062441827630917254,0.8201489522705581,4.759312826951179,13.0,18459.0,8436.0,0.0262646484375,4000.0,0.019253099775316106,0.07164474316145722
stage4_gamma,fr_estimated,estimated,6,8.0,2.5,1.0,25.0,0.25,25.0,256,40000,10,0.005,3.0,0.08,4000,0.06595843374583742,0.8162070367843149,5.049420666622247,17.0,18859.0,8234.0,0.0264580078125,4000.0,0.027731897494868013,0.07942422845109874
stage4_gamma,fr_estimated,estimated,7,8.0,2.5,1.0,25.0,0.25,25.0,256,40000,10,0.005,3.0,0.08,4000,0.060922720726077406,0.7962538135037365,4.677646022329197,17.0,18601.0,8318.0,0.0262880859375,4000.0,0.016842517298718086,0.07954635168156694
stage4_gamma,fr_estimated,estimated,8,8.0,2.5,1.0,25.0,0.25,25.0,256,40000,10,0.005,3.0,0.08,4000,0.06558378207140735,0.7680082920384209,4.82291515459543,20.0,19187.0,8515.0,0.027052734375,4000.0,0.012085349798295486,0.03708789579440415
stage4_gamma,fr_estimated,estimated,9,8.0,2.5,1.0,25.0,0.25,25.0,256,40000,10,0.005,3.0,0.08,4000,0.0660681996495329,0.8466819766102885,4.631035678002547,13.0,18706.0,8374.0,0.026445312500000002,4000.0,0.020295390419133592,0.052516433265891754
stage4_gamma,fr_estimated,estimated,0,8.0,2.5,1.0,25.0,0.25,3.0,256,40000,10,0.005,3.0,0.08,4000,0.18197299064334269,1.6838892425774545,9.837973951652286,57.0,2959.0,1616.0,0.0044677734375,4000.0,0.018275170965938205,0.06613209993017179
stage4_gamma,fr_estimated,estimated,1,8.0,2.5,1.0,25.0,0.25,3.0,256,40000,10,0.005,3.0,0.08,4000,0.17769558419949183,1.7020340095466435,8.681725141325,59.0,2970.0,1563.0,0.0044267578125,4000.0,0.014717141458491036,0.058147367332112274
stage4_gamma,fr_estimated,estimated,2,8.0,2.5,1.0,25.0,0.25,3.0,256,40000,10,0.005,3.0,0.08,4000,0.1976705051970268,1.7753889825600517,10.139244590806737,49.0,3028.0,1681.0,0.0045986328125000005,4000.0,0.017952419264176435,0.054609452378345344
stage4_gamma,fr_estimated,estimated,3,8.0,2.5,1.0,25.0,0.25,3.0,256,40000,10,0.005,3.0,0.08,4000,0.1815291889027488,1.6578366251068635,9.387991540039337,53.0,2979.0,1666.0,0.0045361328125000005,4000.0,0.018276870563548153,0.07338749724219008
stage4_gamma,fr_estimated,estimated,4,8.0,2.5,1.0,25.0,0.25,3.0,256,40000,10,0.005,3.0,0.08,4000,0.18694529520199044,1.7060793001132284,9.795262185028276,57.0,2940.0,1654.0,0.004486328125,4000.0,0.028171124511304,0.08457713987500394
stage4_gamma,fr_estimated,estimated,5,8.0,2.5,1.0,25.0,0.25,3.0,256,40000,10,0.005,3.0,0.08,4000,0.16462370083612637,1.608336165129427,8.54701321676295,60.0,3012.0,1666.0,0.004568359375,4000.0,0.026896401326601527,0.08579718115133991
stage4_gamma,fr_estimated,estimated,6,8.0,2.5,1.0,25.0,0.25,3.0,256,40000,10,0.005,3.0,0.08,4000,0.14632406417825772,1.3875913112851304,7.599228336356864,52.0,3060.0,1528.0,0.00448046875,4000.0,0.02522104702164284,0.09024383059091862
stage4_gamma,fr_estimated,estimated,7,8.0,2.5,1.0,25.0,0.25,3.0,256,40000,10,0.005,3.0,0.08,4000,0.17763049743733367,1.664419951194756,9.654050676451831,72.0,2875.0,1736.0,0.0045029296875,4000.0,0.011382299848251282,0.03467772296372246
stage4_gamma,fr_estimated,estimated,8,8.0,2.5,1.0,25.0,0.25,3.0,256,40000,10,0.005,3.0,0.08,4000,0.15259353885772947,1.4906075449974585,7.653186016979386,56.0,2933.0,1535.0,0.00436328125,4000.0,0.051475592915607125,0.21919579879165485
stage4_gamma,fr_estimated,estimated,9,8.0,2.5,1.0,25.0,0.25,3.0,256,40000,10,0.005,3.0,0.08,4000,0.17924307771482692,1.6760065991357984,9.427512019177273,65.0,2999.0,1707.0,0.004595703125,4000.0,0.029228783520618175,0.13176469574673566
stage4_gamma,fr_estimated,estimated,0,8.0,2.5,1.0,25.0,0.25,50.0,256,40000,10,0.005,3.0,0.08,4000,0.05670110299072288,0.4386734397947167,3.737801209855137,5.0,33545.0,13672.0,0.0461103515625,4000.0,0.02228963953772907,0.09869332299147456
stage4_gamma,fr_estimated,estimated,1,8.0,2.5,1.0,25.0,0.25,50.0,256,40000,10,0.005,3.0,0.08,4000,0.05963683392974458,0.36180868675227823,3.9185805494504136,13.0,33728.0,13740.0,0.04635546875,4000.0,0.014926053875738237,0.0362211778250973
stage4_gamma,fr_estimated,estimated,2,8.0,2.5,1.0,25.0,0.25,50.0,256,40000,10,0.005,3.0,0.08,4000,0.05691544084476379,0.40745127972226003,4.039474434106573,11.0,33811.0,13649.0,0.04634765625,4000.0,0.025502753727828953,0.06256033291276271
stage4_gamma,fr_estimated,estimated,3,8.0,2.5,1.0,25.0,0.25,50.0,256,40000,10,0.005,3.0,0.08,4000,0.056327029804279984,0.4000198611994053,3.830365516827719,9.0,33626.0,13972.0,0.046482421875,4000.0,0.01753332697236076,0.06767486940995361
stage4_gamma,fr_estimated,estimated,4,8.0,2.5,1.0,25.0,0.25,50.0,256,40000,10,0.005,3.0,0.08,4000,0.05788016929862538,0.44585274736910097,4.06306708074395,9.0,33904.0,13847.0,0.0466318359375,4000.0,0.015656227559484447,0.0444043512313855
stage4_gamma,fr_estimated,estimated,5,8.0,2.5,1.0,25.0,0.25,50.0,256,40000,10,0.005,3.0,0.08,4000,0.0602523316977683,0.4162314396508295,4.158532415916619,6.0,33710.0,13556.0,0.046158203125,4000.0,0.022145037680121587,0.05954361284965927
stage4_gamma,fr_estimated,estimated,6,8.0,2.5,1.0,25.0,0.25,50.0,256,40000,10,0.005,3.0,0.08,4000,0.05691079321285904,0.4341036925928629,4.033765132805928,9.0,33931.0,13724.0,0.0465380859375,4000.0,0.03918568059692247,0.1001480666178791
stage4_gamma,fr_estimated,estimated,7,8.0,2.5,1.0,25.0,0.25,50.0,256,40000,10,0.005,3.0,0.08,4000,0.0553907164110254,0.42837647801578693,4.128638187088404,11.0,33507.0,14036.0,0.0464287109375,4000.0,0.01465205878295207,0.044203497587425686
stage4_gamma,fr_estimated,estimated,8,8.0,2.5,1.0,25.0,0.25,50.0,256,40000,10,0.005,3.0,0.08,4000,0.05544992492449822,0.39984628817140505,3.9371388316422076,6.0,33871.0,13619.0,0.046376953125,4000.0,0.01663475399796846,0.06490735058851196
stage4_gamma,fr_estimated,estimated,9,8.0,2.5,1.0,25.0,0.25,50.0,256,40000,10,0.005,3.0,0.08,4000,0.056713115986936964,0.3747968711281156,3.902607829192855,7.0,33600.0,13993.0,0.0464775390625,4000.0,0.017133036163043486,0.059386535159658
stage4_gamma,fr_estimated,estimated,0,8.0,2.5,1.0,25.0,0.25,5.0,256,40000,10,0.005,3.0,0.08,4000,0.1686740192716079,1.6296959380384108,8.918053400665338,36.0,4652.0,2361.0,0.0068486328125,4000.0,0.013346697946342653,0.03686645960462433
stage4_gamma,fr_estimated,estimated,1,8.0,2.5,1.0,25.0,0.25,5.0,256,40000,10,0.005,3.0,0.08,4000,0.1631001143503545,1.5925107680572068,8.662143766013589,49.0,4556.0,2446.0,0.006837890625,4000.0,0.02055873801828697,0.07115552762924016
stage4_gamma,fr_estimated,estimated,2,8.0,2.5,1.0,25.0,0.25,5.0,256,40000,10,0.005,3.0,0.08,4000,0.15508511446603346,1.5377173790204677,8.402759915988382,34.0,4667.0,2468.0,0.0069677734375,4000.0,0.02588468070206243,0.0593293733844629
stage4_gamma,fr_estimated,estimated,3,8.0,2.5,1.0,25.0,0.25,5.0,256,40000,10,0.005,3.0,0.08,4000,0.16467390083910433,1.5938711864678585,8.817631510613236,40.0,4617.0,2506.0,0.0069560546875,4000.0,0.028414386220467706,0.0707962081496029
stage4_gamma,fr_estimated,estimated,4,8.0,2.5,1.0,25.0,0.25,5.0,256,40000,10,0.005,3.0,0.08,4000,0.15979855777793703,1.6020653966674818,8.638491236292708,44.0,4686.0,2403.0,0.0069228515625,4000.0,0.016427118728991753,0.051685513509725986
stage4_gamma,fr_estimated,estimated,5,8.0,2.5,1.0,25.0,0.25,5.0,256,40000,10,0.005,3.0,0.08,4000,0.14432281356727367,1.4721599804703727,7.55566592242168,50.0,4547.0,2332.0,0.0067177734375000004,4000.0,0.014364468729304598,0.04498828037414933
stage4_gamma,fr_estimated,estimated,6,8.0,2.5,1.0,25.0,0.25,5.0,256,40000,10,0.005,3.0,0.08,4000,0.1606414374409823,1.5694580296676415,8.545183732117156,50.0,4647.0,2565.0,0.00704296875,4000.0,0.03656433331666658,0.10915499305035194
stage4_gamma,fr_estimated,estimated,7,8.0,2.5,1.0,25.0,0.25,5.0,256,40000,10,0.005,3.0,0.08,4000,0.16223377037530706,1.5889775420350325,8.62602843370566,38.0,4621.0,2345.0,0.006802734375,4000.0,0.02879255396973846,0.08767626528584423
stage4_gamma,fr_estimated,estimated,8,8.0,2.5,1.0,25.0,0.25,5.0,256,40000,10,0.005,3.0,0.08,4000,0.14755157510899425,1.477515727946308,8.065472569557281,45.0,4631.0,2364.0,0.0068310546875,4000.0,0.013196561812995045,0.045737565909477515
stage4_gamma,fr_estimated,estimated,9,8.0,2.5,1.0,25.0,0.25,5.0,256,40000,10,0.005,3.0,0.08,4000,0.16656701705507865,1.619995836897875,8.651905047553576,47.0,4589.0,2467.0,0.006890625,4000.0,0.007798940287520625,0.026565441524869532
